name,type,direction,description
feat_0000,integer,high,Morgan count fingeprint feature 0 with radius 3 and 2048 bits
feat_0001,integer,high,Morgan count fingeprint feature 1 with radius 3 and 2048 bits
feat_0002,integer,high,Morgan count fingeprint feature 2 with radius 3 and 2048 bits
feat_0003,integer,high,Morgan count fingeprint feature 3 with radius 3 and 2048 bits
feat_0004,integer,high,Morgan count fingeprint feature 4 with radius 3 and 2048 bits
feat_0005,integer,high,Morgan count fingeprint feature 5 with radius 3 and 2048 bits
feat_0006,integer,high,Morgan count fingeprint feature 6 with radius 3 and 2048 bits
feat_0007,integer,high,Morgan count fingeprint feature 7 with radius 3 and 2048 bits
feat_0008,integer,high,Morgan count fingeprint feature 8 with radius 3 and 2048 bits
feat_0009,integer,high,Morgan count fingeprint feature 9 with radius 3 and 2048 bits
feat_0010,integer,high,Morgan count fingeprint feature 10 with radius 3 and 2048 bits
feat_0011,integer,high,Morgan count fingeprint feature 11 with radius 3 and 2048 bits
feat_0012,integer,high,Morgan count fingeprint feature 12 with radius 3 and 2048 bits
feat_0013,integer,high,Morgan count fingeprint feature 13 with radius 3 and 2048 bits
feat_0014,integer,high,Morgan count fingeprint feature 14 with radius 3 and 2048 bits
feat_0015,integer,high,Morgan count fingeprint feature 15 with radius 3 and 2048 bits
feat_0016,integer,high,Morgan count fingeprint feature 16 with radius 3 and 2048 bits
feat_0017,integer,high,Morgan count fingeprint feature 17 with radius 3 and 2048 bits
feat_0018,integer,high,Morgan count fingeprint feature 18 with radius 3 and 2048 bits
feat_0019,integer,high,Morgan count fingeprint feature 19 with radius 3 and 2048 bits
feat_0020,integer,high,Morgan count fingeprint feature 20 with radius 3 and 2048 bits
feat_0021,integer,high,Morgan count fingeprint feature 21 with radius 3 and 2048 bits
feat_0022,integer,high,Morgan count fingeprint feature 22 with radius 3 and 2048 bits
feat_0023,integer,high,Morgan count fingeprint feature 23 with radius 3 and 2048 bits
feat_0024,integer,high,Morgan count fingeprint feature 24 with radius 3 and 2048 bits
feat_0025,integer,high,Morgan count fingeprint feature 25 with radius 3 and 2048 bits
feat_0026,integer,high,Morgan count fingeprint feature 26 with radius 3 and 2048 bits
feat_0027,integer,high,Morgan count fingeprint feature 27 with radius 3 and 2048 bits
feat_0028,integer,high,Morgan count fingeprint feature 28 with radius 3 and 2048 bits
feat_0029,integer,high,Morgan count fingeprint feature 29 with radius 3 and 2048 bits
feat_0030,integer,high,Morgan count fingeprint feature 30 with radius 3 and 2048 bits
feat_0031,integer,high,Morgan count fingeprint feature 31 with radius 3 and 2048 bits
feat_0032,integer,high,Morgan count fingeprint feature 32 with radius 3 and 2048 bits
feat_0033,integer,high,Morgan count fingeprint feature 33 with radius 3 and 2048 bits
feat_0034,integer,high,Morgan count fingeprint feature 34 with radius 3 and 2048 bits
feat_0035,integer,high,Morgan count fingeprint feature 35 with radius 3 and 2048 bits
feat_0036,integer,high,Morgan count fingeprint feature 36 with radius 3 and 2048 bits
feat_0037,integer,high,Morgan count fingeprint feature 37 with radius 3 and 2048 bits
feat_0038,integer,high,Morgan count fingeprint feature 38 with radius 3 and 2048 bits
feat_0039,integer,high,Morgan count fingeprint feature 39 with radius 3 and 2048 bits
feat_0040,integer,high,Morgan count fingeprint feature 40 with radius 3 and 2048 bits
feat_0041,integer,high,Morgan count fingeprint feature 41 with radius 3 and 2048 bits
feat_0042,integer,high,Morgan count fingeprint feature 42 with radius 3 and 2048 bits
feat_0043,integer,high,Morgan count fingeprint feature 43 with radius 3 and 2048 bits
feat_0044,integer,high,Morgan count fingeprint feature 44 with radius 3 and 2048 bits
feat_0045,integer,high,Morgan count fingeprint feature 45 with radius 3 and 2048 bits
feat_0046,integer,high,Morgan count fingeprint feature 46 with radius 3 and 2048 bits
feat_0047,integer,high,Morgan count fingeprint feature 47 with radius 3 and 2048 bits
feat_0048,integer,high,Morgan count fingeprint feature 48 with radius 3 and 2048 bits
feat_0049,integer,high,Morgan count fingeprint feature 49 with radius 3 and 2048 bits
feat_0050,integer,high,Morgan count fingeprint feature 50 with radius 3 and 2048 bits
feat_0051,integer,high,Morgan count fingeprint feature 51 with radius 3 and 2048 bits
feat_0052,integer,high,Morgan count fingeprint feature 52 with radius 3 and 2048 bits
feat_0053,integer,high,Morgan count fingeprint feature 53 with radius 3 and 2048 bits
feat_0054,integer,high,Morgan count fingeprint feature 54 with radius 3 and 2048 bits
feat_0055,integer,high,Morgan count fingeprint feature 55 with radius 3 and 2048 bits
feat_0056,integer,high,Morgan count fingeprint feature 56 with radius 3 and 2048 bits
feat_0057,integer,high,Morgan count fingeprint feature 57 with radius 3 and 2048 bits
feat_0058,integer,high,Morgan count fingeprint feature 58 with radius 3 and 2048 bits
feat_0059,integer,high,Morgan count fingeprint feature 59 with radius 3 and 2048 bits
feat_0060,integer,high,Morgan count fingeprint feature 60 with radius 3 and 2048 bits
feat_0061,integer,high,Morgan count fingeprint feature 61 with radius 3 and 2048 bits
feat_0062,integer,high,Morgan count fingeprint feature 62 with radius 3 and 2048 bits
feat_0063,integer,high,Morgan count fingeprint feature 63 with radius 3 and 2048 bits
feat_0064,integer,high,Morgan count fingeprint feature 64 with radius 3 and 2048 bits
feat_0065,integer,high,Morgan count fingeprint feature 65 with radius 3 and 2048 bits
feat_0066,integer,high,Morgan count fingeprint feature 66 with radius 3 and 2048 bits
feat_0067,integer,high,Morgan count fingeprint feature 67 with radius 3 and 2048 bits
feat_0068,integer,high,Morgan count fingeprint feature 68 with radius 3 and 2048 bits
feat_0069,integer,high,Morgan count fingeprint feature 69 with radius 3 and 2048 bits
feat_0070,integer,high,Morgan count fingeprint feature 70 with radius 3 and 2048 bits
feat_0071,integer,high,Morgan count fingeprint feature 71 with radius 3 and 2048 bits
feat_0072,integer,high,Morgan count fingeprint feature 72 with radius 3 and 2048 bits
feat_0073,integer,high,Morgan count fingeprint feature 73 with radius 3 and 2048 bits
feat_0074,integer,high,Morgan count fingeprint feature 74 with radius 3 and 2048 bits
feat_0075,integer,high,Morgan count fingeprint feature 75 with radius 3 and 2048 bits
feat_0076,integer,high,Morgan count fingeprint feature 76 with radius 3 and 2048 bits
feat_0077,integer,high,Morgan count fingeprint feature 77 with radius 3 and 2048 bits
feat_0078,integer,high,Morgan count fingeprint feature 78 with radius 3 and 2048 bits
feat_0079,integer,high,Morgan count fingeprint feature 79 with radius 3 and 2048 bits
feat_0080,integer,high,Morgan count fingeprint feature 80 with radius 3 and 2048 bits
feat_0081,integer,high,Morgan count fingeprint feature 81 with radius 3 and 2048 bits
feat_0082,integer,high,Morgan count fingeprint feature 82 with radius 3 and 2048 bits
feat_0083,integer,high,Morgan count fingeprint feature 83 with radius 3 and 2048 bits
feat_0084,integer,high,Morgan count fingeprint feature 84 with radius 3 and 2048 bits
feat_0085,integer,high,Morgan count fingeprint feature 85 with radius 3 and 2048 bits
feat_0086,integer,high,Morgan count fingeprint feature 86 with radius 3 and 2048 bits
feat_0087,integer,high,Morgan count fingeprint feature 87 with radius 3 and 2048 bits
feat_0088,integer,high,Morgan count fingeprint feature 88 with radius 3 and 2048 bits
feat_0089,integer,high,Morgan count fingeprint feature 89 with radius 3 and 2048 bits
feat_0090,integer,high,Morgan count fingeprint feature 90 with radius 3 and 2048 bits
feat_0091,integer,high,Morgan count fingeprint feature 91 with radius 3 and 2048 bits
feat_0092,integer,high,Morgan count fingeprint feature 92 with radius 3 and 2048 bits
feat_0093,integer,high,Morgan count fingeprint feature 93 with radius 3 and 2048 bits
feat_0094,integer,high,Morgan count fingeprint feature 94 with radius 3 and 2048 bits
feat_0095,integer,high,Morgan count fingeprint feature 95 with radius 3 and 2048 bits
feat_0096,integer,high,Morgan count fingeprint feature 96 with radius 3 and 2048 bits
feat_0097,integer,high,Morgan count fingeprint feature 97 with radius 3 and 2048 bits
feat_0098,integer,high,Morgan count fingeprint feature 98 with radius 3 and 2048 bits
feat_0099,integer,high,Morgan count fingeprint feature 99 with radius 3 and 2048 bits
feat_0100,integer,high,Morgan count fingeprint feature 100 with radius 3 and 2048 bits
feat_0101,integer,high,Morgan count fingeprint feature 101 with radius 3 and 2048 bits
feat_0102,integer,high,Morgan count fingeprint feature 102 with radius 3 and 2048 bits
feat_0103,integer,high,Morgan count fingeprint feature 103 with radius 3 and 2048 bits
feat_0104,integer,high,Morgan count fingeprint feature 104 with radius 3 and 2048 bits
feat_0105,integer,high,Morgan count fingeprint feature 105 with radius 3 and 2048 bits
feat_0106,integer,high,Morgan count fingeprint feature 106 with radius 3 and 2048 bits
feat_0107,integer,high,Morgan count fingeprint feature 107 with radius 3 and 2048 bits
feat_0108,integer,high,Morgan count fingeprint feature 108 with radius 3 and 2048 bits
feat_0109,integer,high,Morgan count fingeprint feature 109 with radius 3 and 2048 bits
feat_0110,integer,high,Morgan count fingeprint feature 110 with radius 3 and 2048 bits
feat_0111,integer,high,Morgan count fingeprint feature 111 with radius 3 and 2048 bits
feat_0112,integer,high,Morgan count fingeprint feature 112 with radius 3 and 2048 bits
feat_0113,integer,high,Morgan count fingeprint feature 113 with radius 3 and 2048 bits
feat_0114,integer,high,Morgan count fingeprint feature 114 with radius 3 and 2048 bits
feat_0115,integer,high,Morgan count fingeprint feature 115 with radius 3 and 2048 bits
feat_0116,integer,high,Morgan count fingeprint feature 116 with radius 3 and 2048 bits
feat_0117,integer,high,Morgan count fingeprint feature 117 with radius 3 and 2048 bits
feat_0118,integer,high,Morgan count fingeprint feature 118 with radius 3 and 2048 bits
feat_0119,integer,high,Morgan count fingeprint feature 119 with radius 3 and 2048 bits
feat_0120,integer,high,Morgan count fingeprint feature 120 with radius 3 and 2048 bits
feat_0121,integer,high,Morgan count fingeprint feature 121 with radius 3 and 2048 bits
feat_0122,integer,high,Morgan count fingeprint feature 122 with radius 3 and 2048 bits
feat_0123,integer,high,Morgan count fingeprint feature 123 with radius 3 and 2048 bits
feat_0124,integer,high,Morgan count fingeprint feature 124 with radius 3 and 2048 bits
feat_0125,integer,high,Morgan count fingeprint feature 125 with radius 3 and 2048 bits
feat_0126,integer,high,Morgan count fingeprint feature 126 with radius 3 and 2048 bits
feat_0127,integer,high,Morgan count fingeprint feature 127 with radius 3 and 2048 bits
feat_0128,integer,high,Morgan count fingeprint feature 128 with radius 3 and 2048 bits
feat_0129,integer,high,Morgan count fingeprint feature 129 with radius 3 and 2048 bits
feat_0130,integer,high,Morgan count fingeprint feature 130 with radius 3 and 2048 bits
feat_0131,integer,high,Morgan count fingeprint feature 131 with radius 3 and 2048 bits
feat_0132,integer,high,Morgan count fingeprint feature 132 with radius 3 and 2048 bits
feat_0133,integer,high,Morgan count fingeprint feature 133 with radius 3 and 2048 bits
feat_0134,integer,high,Morgan count fingeprint feature 134 with radius 3 and 2048 bits
feat_0135,integer,high,Morgan count fingeprint feature 135 with radius 3 and 2048 bits
feat_0136,integer,high,Morgan count fingeprint feature 136 with radius 3 and 2048 bits
feat_0137,integer,high,Morgan count fingeprint feature 137 with radius 3 and 2048 bits
feat_0138,integer,high,Morgan count fingeprint feature 138 with radius 3 and 2048 bits
feat_0139,integer,high,Morgan count fingeprint feature 139 with radius 3 and 2048 bits
feat_0140,integer,high,Morgan count fingeprint feature 140 with radius 3 and 2048 bits
feat_0141,integer,high,Morgan count fingeprint feature 141 with radius 3 and 2048 bits
feat_0142,integer,high,Morgan count fingeprint feature 142 with radius 3 and 2048 bits
feat_0143,integer,high,Morgan count fingeprint feature 143 with radius 3 and 2048 bits
feat_0144,integer,high,Morgan count fingeprint feature 144 with radius 3 and 2048 bits
feat_0145,integer,high,Morgan count fingeprint feature 145 with radius 3 and 2048 bits
feat_0146,integer,high,Morgan count fingeprint feature 146 with radius 3 and 2048 bits
feat_0147,integer,high,Morgan count fingeprint feature 147 with radius 3 and 2048 bits
feat_0148,integer,high,Morgan count fingeprint feature 148 with radius 3 and 2048 bits
feat_0149,integer,high,Morgan count fingeprint feature 149 with radius 3 and 2048 bits
feat_0150,integer,high,Morgan count fingeprint feature 150 with radius 3 and 2048 bits
feat_0151,integer,high,Morgan count fingeprint feature 151 with radius 3 and 2048 bits
feat_0152,integer,high,Morgan count fingeprint feature 152 with radius 3 and 2048 bits
feat_0153,integer,high,Morgan count fingeprint feature 153 with radius 3 and 2048 bits
feat_0154,integer,high,Morgan count fingeprint feature 154 with radius 3 and 2048 bits
feat_0155,integer,high,Morgan count fingeprint feature 155 with radius 3 and 2048 bits
feat_0156,integer,high,Morgan count fingeprint feature 156 with radius 3 and 2048 bits
feat_0157,integer,high,Morgan count fingeprint feature 157 with radius 3 and 2048 bits
feat_0158,integer,high,Morgan count fingeprint feature 158 with radius 3 and 2048 bits
feat_0159,integer,high,Morgan count fingeprint feature 159 with radius 3 and 2048 bits
feat_0160,integer,high,Morgan count fingeprint feature 160 with radius 3 and 2048 bits
feat_0161,integer,high,Morgan count fingeprint feature 161 with radius 3 and 2048 bits
feat_0162,integer,high,Morgan count fingeprint feature 162 with radius 3 and 2048 bits
feat_0163,integer,high,Morgan count fingeprint feature 163 with radius 3 and 2048 bits
feat_0164,integer,high,Morgan count fingeprint feature 164 with radius 3 and 2048 bits
feat_0165,integer,high,Morgan count fingeprint feature 165 with radius 3 and 2048 bits
feat_0166,integer,high,Morgan count fingeprint feature 166 with radius 3 and 2048 bits
feat_0167,integer,high,Morgan count fingeprint feature 167 with radius 3 and 2048 bits
feat_0168,integer,high,Morgan count fingeprint feature 168 with radius 3 and 2048 bits
feat_0169,integer,high,Morgan count fingeprint feature 169 with radius 3 and 2048 bits
feat_0170,integer,high,Morgan count fingeprint feature 170 with radius 3 and 2048 bits
feat_0171,integer,high,Morgan count fingeprint feature 171 with radius 3 and 2048 bits
feat_0172,integer,high,Morgan count fingeprint feature 172 with radius 3 and 2048 bits
feat_0173,integer,high,Morgan count fingeprint feature 173 with radius 3 and 2048 bits
feat_0174,integer,high,Morgan count fingeprint feature 174 with radius 3 and 2048 bits
feat_0175,integer,high,Morgan count fingeprint feature 175 with radius 3 and 2048 bits
feat_0176,integer,high,Morgan count fingeprint feature 176 with radius 3 and 2048 bits
feat_0177,integer,high,Morgan count fingeprint feature 177 with radius 3 and 2048 bits
feat_0178,integer,high,Morgan count fingeprint feature 178 with radius 3 and 2048 bits
feat_0179,integer,high,Morgan count fingeprint feature 179 with radius 3 and 2048 bits
feat_0180,integer,high,Morgan count fingeprint feature 180 with radius 3 and 2048 bits
feat_0181,integer,high,Morgan count fingeprint feature 181 with radius 3 and 2048 bits
feat_0182,integer,high,Morgan count fingeprint feature 182 with radius 3 and 2048 bits
feat_0183,integer,high,Morgan count fingeprint feature 183 with radius 3 and 2048 bits
feat_0184,integer,high,Morgan count fingeprint feature 184 with radius 3 and 2048 bits
feat_0185,integer,high,Morgan count fingeprint feature 185 with radius 3 and 2048 bits
feat_0186,integer,high,Morgan count fingeprint feature 186 with radius 3 and 2048 bits
feat_0187,integer,high,Morgan count fingeprint feature 187 with radius 3 and 2048 bits
feat_0188,integer,high,Morgan count fingeprint feature 188 with radius 3 and 2048 bits
feat_0189,integer,high,Morgan count fingeprint feature 189 with radius 3 and 2048 bits
feat_0190,integer,high,Morgan count fingeprint feature 190 with radius 3 and 2048 bits
feat_0191,integer,high,Morgan count fingeprint feature 191 with radius 3 and 2048 bits
feat_0192,integer,high,Morgan count fingeprint feature 192 with radius 3 and 2048 bits
feat_0193,integer,high,Morgan count fingeprint feature 193 with radius 3 and 2048 bits
feat_0194,integer,high,Morgan count fingeprint feature 194 with radius 3 and 2048 bits
feat_0195,integer,high,Morgan count fingeprint feature 195 with radius 3 and 2048 bits
feat_0196,integer,high,Morgan count fingeprint feature 196 with radius 3 and 2048 bits
feat_0197,integer,high,Morgan count fingeprint feature 197 with radius 3 and 2048 bits
feat_0198,integer,high,Morgan count fingeprint feature 198 with radius 3 and 2048 bits
feat_0199,integer,high,Morgan count fingeprint feature 199 with radius 3 and 2048 bits
feat_0200,integer,high,Morgan count fingeprint feature 200 with radius 3 and 2048 bits
feat_0201,integer,high,Morgan count fingeprint feature 201 with radius 3 and 2048 bits
feat_0202,integer,high,Morgan count fingeprint feature 202 with radius 3 and 2048 bits
feat_0203,integer,high,Morgan count fingeprint feature 203 with radius 3 and 2048 bits
feat_0204,integer,high,Morgan count fingeprint feature 204 with radius 3 and 2048 bits
feat_0205,integer,high,Morgan count fingeprint feature 205 with radius 3 and 2048 bits
feat_0206,integer,high,Morgan count fingeprint feature 206 with radius 3 and 2048 bits
feat_0207,integer,high,Morgan count fingeprint feature 207 with radius 3 and 2048 bits
feat_0208,integer,high,Morgan count fingeprint feature 208 with radius 3 and 2048 bits
feat_0209,integer,high,Morgan count fingeprint feature 209 with radius 3 and 2048 bits
feat_0210,integer,high,Morgan count fingeprint feature 210 with radius 3 and 2048 bits
feat_0211,integer,high,Morgan count fingeprint feature 211 with radius 3 and 2048 bits
feat_0212,integer,high,Morgan count fingeprint feature 212 with radius 3 and 2048 bits
feat_0213,integer,high,Morgan count fingeprint feature 213 with radius 3 and 2048 bits
feat_0214,integer,high,Morgan count fingeprint feature 214 with radius 3 and 2048 bits
feat_0215,integer,high,Morgan count fingeprint feature 215 with radius 3 and 2048 bits
feat_0216,integer,high,Morgan count fingeprint feature 216 with radius 3 and 2048 bits
feat_0217,integer,high,Morgan count fingeprint feature 217 with radius 3 and 2048 bits
feat_0218,integer,high,Morgan count fingeprint feature 218 with radius 3 and 2048 bits
feat_0219,integer,high,Morgan count fingeprint feature 219 with radius 3 and 2048 bits
feat_0220,integer,high,Morgan count fingeprint feature 220 with radius 3 and 2048 bits
feat_0221,integer,high,Morgan count fingeprint feature 221 with radius 3 and 2048 bits
feat_0222,integer,high,Morgan count fingeprint feature 222 with radius 3 and 2048 bits
feat_0223,integer,high,Morgan count fingeprint feature 223 with radius 3 and 2048 bits
feat_0224,integer,high,Morgan count fingeprint feature 224 with radius 3 and 2048 bits
feat_0225,integer,high,Morgan count fingeprint feature 225 with radius 3 and 2048 bits
feat_0226,integer,high,Morgan count fingeprint feature 226 with radius 3 and 2048 bits
feat_0227,integer,high,Morgan count fingeprint feature 227 with radius 3 and 2048 bits
feat_0228,integer,high,Morgan count fingeprint feature 228 with radius 3 and 2048 bits
feat_0229,integer,high,Morgan count fingeprint feature 229 with radius 3 and 2048 bits
feat_0230,integer,high,Morgan count fingeprint feature 230 with radius 3 and 2048 bits
feat_0231,integer,high,Morgan count fingeprint feature 231 with radius 3 and 2048 bits
feat_0232,integer,high,Morgan count fingeprint feature 232 with radius 3 and 2048 bits
feat_0233,integer,high,Morgan count fingeprint feature 233 with radius 3 and 2048 bits
feat_0234,integer,high,Morgan count fingeprint feature 234 with radius 3 and 2048 bits
feat_0235,integer,high,Morgan count fingeprint feature 235 with radius 3 and 2048 bits
feat_0236,integer,high,Morgan count fingeprint feature 236 with radius 3 and 2048 bits
feat_0237,integer,high,Morgan count fingeprint feature 237 with radius 3 and 2048 bits
feat_0238,integer,high,Morgan count fingeprint feature 238 with radius 3 and 2048 bits
feat_0239,integer,high,Morgan count fingeprint feature 239 with radius 3 and 2048 bits
feat_0240,integer,high,Morgan count fingeprint feature 240 with radius 3 and 2048 bits
feat_0241,integer,high,Morgan count fingeprint feature 241 with radius 3 and 2048 bits
feat_0242,integer,high,Morgan count fingeprint feature 242 with radius 3 and 2048 bits
feat_0243,integer,high,Morgan count fingeprint feature 243 with radius 3 and 2048 bits
feat_0244,integer,high,Morgan count fingeprint feature 244 with radius 3 and 2048 bits
feat_0245,integer,high,Morgan count fingeprint feature 245 with radius 3 and 2048 bits
feat_0246,integer,high,Morgan count fingeprint feature 246 with radius 3 and 2048 bits
feat_0247,integer,high,Morgan count fingeprint feature 247 with radius 3 and 2048 bits
feat_0248,integer,high,Morgan count fingeprint feature 248 with radius 3 and 2048 bits
feat_0249,integer,high,Morgan count fingeprint feature 249 with radius 3 and 2048 bits
feat_0250,integer,high,Morgan count fingeprint feature 250 with radius 3 and 2048 bits
feat_0251,integer,high,Morgan count fingeprint feature 251 with radius 3 and 2048 bits
feat_0252,integer,high,Morgan count fingeprint feature 252 with radius 3 and 2048 bits
feat_0253,integer,high,Morgan count fingeprint feature 253 with radius 3 and 2048 bits
feat_0254,integer,high,Morgan count fingeprint feature 254 with radius 3 and 2048 bits
feat_0255,integer,high,Morgan count fingeprint feature 255 with radius 3 and 2048 bits
feat_0256,integer,high,Morgan count fingeprint feature 256 with radius 3 and 2048 bits
feat_0257,integer,high,Morgan count fingeprint feature 257 with radius 3 and 2048 bits
feat_0258,integer,high,Morgan count fingeprint feature 258 with radius 3 and 2048 bits
feat_0259,integer,high,Morgan count fingeprint feature 259 with radius 3 and 2048 bits
feat_0260,integer,high,Morgan count fingeprint feature 260 with radius 3 and 2048 bits
feat_0261,integer,high,Morgan count fingeprint feature 261 with radius 3 and 2048 bits
feat_0262,integer,high,Morgan count fingeprint feature 262 with radius 3 and 2048 bits
feat_0263,integer,high,Morgan count fingeprint feature 263 with radius 3 and 2048 bits
feat_0264,integer,high,Morgan count fingeprint feature 264 with radius 3 and 2048 bits
feat_0265,integer,high,Morgan count fingeprint feature 265 with radius 3 and 2048 bits
feat_0266,integer,high,Morgan count fingeprint feature 266 with radius 3 and 2048 bits
feat_0267,integer,high,Morgan count fingeprint feature 267 with radius 3 and 2048 bits
feat_0268,integer,high,Morgan count fingeprint feature 268 with radius 3 and 2048 bits
feat_0269,integer,high,Morgan count fingeprint feature 269 with radius 3 and 2048 bits
feat_0270,integer,high,Morgan count fingeprint feature 270 with radius 3 and 2048 bits
feat_0271,integer,high,Morgan count fingeprint feature 271 with radius 3 and 2048 bits
feat_0272,integer,high,Morgan count fingeprint feature 272 with radius 3 and 2048 bits
feat_0273,integer,high,Morgan count fingeprint feature 273 with radius 3 and 2048 bits
feat_0274,integer,high,Morgan count fingeprint feature 274 with radius 3 and 2048 bits
feat_0275,integer,high,Morgan count fingeprint feature 275 with radius 3 and 2048 bits
feat_0276,integer,high,Morgan count fingeprint feature 276 with radius 3 and 2048 bits
feat_0277,integer,high,Morgan count fingeprint feature 277 with radius 3 and 2048 bits
feat_0278,integer,high,Morgan count fingeprint feature 278 with radius 3 and 2048 bits
feat_0279,integer,high,Morgan count fingeprint feature 279 with radius 3 and 2048 bits
feat_0280,integer,high,Morgan count fingeprint feature 280 with radius 3 and 2048 bits
feat_0281,integer,high,Morgan count fingeprint feature 281 with radius 3 and 2048 bits
feat_0282,integer,high,Morgan count fingeprint feature 282 with radius 3 and 2048 bits
feat_0283,integer,high,Morgan count fingeprint feature 283 with radius 3 and 2048 bits
feat_0284,integer,high,Morgan count fingeprint feature 284 with radius 3 and 2048 bits
feat_0285,integer,high,Morgan count fingeprint feature 285 with radius 3 and 2048 bits
feat_0286,integer,high,Morgan count fingeprint feature 286 with radius 3 and 2048 bits
feat_0287,integer,high,Morgan count fingeprint feature 287 with radius 3 and 2048 bits
feat_0288,integer,high,Morgan count fingeprint feature 288 with radius 3 and 2048 bits
feat_0289,integer,high,Morgan count fingeprint feature 289 with radius 3 and 2048 bits
feat_0290,integer,high,Morgan count fingeprint feature 290 with radius 3 and 2048 bits
feat_0291,integer,high,Morgan count fingeprint feature 291 with radius 3 and 2048 bits
feat_0292,integer,high,Morgan count fingeprint feature 292 with radius 3 and 2048 bits
feat_0293,integer,high,Morgan count fingeprint feature 293 with radius 3 and 2048 bits
feat_0294,integer,high,Morgan count fingeprint feature 294 with radius 3 and 2048 bits
feat_0295,integer,high,Morgan count fingeprint feature 295 with radius 3 and 2048 bits
feat_0296,integer,high,Morgan count fingeprint feature 296 with radius 3 and 2048 bits
feat_0297,integer,high,Morgan count fingeprint feature 297 with radius 3 and 2048 bits
feat_0298,integer,high,Morgan count fingeprint feature 298 with radius 3 and 2048 bits
feat_0299,integer,high,Morgan count fingeprint feature 299 with radius 3 and 2048 bits
feat_0300,integer,high,Morgan count fingeprint feature 300 with radius 3 and 2048 bits
feat_0301,integer,high,Morgan count fingeprint feature 301 with radius 3 and 2048 bits
feat_0302,integer,high,Morgan count fingeprint feature 302 with radius 3 and 2048 bits
feat_0303,integer,high,Morgan count fingeprint feature 303 with radius 3 and 2048 bits
feat_0304,integer,high,Morgan count fingeprint feature 304 with radius 3 and 2048 bits
feat_0305,integer,high,Morgan count fingeprint feature 305 with radius 3 and 2048 bits
feat_0306,integer,high,Morgan count fingeprint feature 306 with radius 3 and 2048 bits
feat_0307,integer,high,Morgan count fingeprint feature 307 with radius 3 and 2048 bits
feat_0308,integer,high,Morgan count fingeprint feature 308 with radius 3 and 2048 bits
feat_0309,integer,high,Morgan count fingeprint feature 309 with radius 3 and 2048 bits
feat_0310,integer,high,Morgan count fingeprint feature 310 with radius 3 and 2048 bits
feat_0311,integer,high,Morgan count fingeprint feature 311 with radius 3 and 2048 bits
feat_0312,integer,high,Morgan count fingeprint feature 312 with radius 3 and 2048 bits
feat_0313,integer,high,Morgan count fingeprint feature 313 with radius 3 and 2048 bits
feat_0314,integer,high,Morgan count fingeprint feature 314 with radius 3 and 2048 bits
feat_0315,integer,high,Morgan count fingeprint feature 315 with radius 3 and 2048 bits
feat_0316,integer,high,Morgan count fingeprint feature 316 with radius 3 and 2048 bits
feat_0317,integer,high,Morgan count fingeprint feature 317 with radius 3 and 2048 bits
feat_0318,integer,high,Morgan count fingeprint feature 318 with radius 3 and 2048 bits
feat_0319,integer,high,Morgan count fingeprint feature 319 with radius 3 and 2048 bits
feat_0320,integer,high,Morgan count fingeprint feature 320 with radius 3 and 2048 bits
feat_0321,integer,high,Morgan count fingeprint feature 321 with radius 3 and 2048 bits
feat_0322,integer,high,Morgan count fingeprint feature 322 with radius 3 and 2048 bits
feat_0323,integer,high,Morgan count fingeprint feature 323 with radius 3 and 2048 bits
feat_0324,integer,high,Morgan count fingeprint feature 324 with radius 3 and 2048 bits
feat_0325,integer,high,Morgan count fingeprint feature 325 with radius 3 and 2048 bits
feat_0326,integer,high,Morgan count fingeprint feature 326 with radius 3 and 2048 bits
feat_0327,integer,high,Morgan count fingeprint feature 327 with radius 3 and 2048 bits
feat_0328,integer,high,Morgan count fingeprint feature 328 with radius 3 and 2048 bits
feat_0329,integer,high,Morgan count fingeprint feature 329 with radius 3 and 2048 bits
feat_0330,integer,high,Morgan count fingeprint feature 330 with radius 3 and 2048 bits
feat_0331,integer,high,Morgan count fingeprint feature 331 with radius 3 and 2048 bits
feat_0332,integer,high,Morgan count fingeprint feature 332 with radius 3 and 2048 bits
feat_0333,integer,high,Morgan count fingeprint feature 333 with radius 3 and 2048 bits
feat_0334,integer,high,Morgan count fingeprint feature 334 with radius 3 and 2048 bits
feat_0335,integer,high,Morgan count fingeprint feature 335 with radius 3 and 2048 bits
feat_0336,integer,high,Morgan count fingeprint feature 336 with radius 3 and 2048 bits
feat_0337,integer,high,Morgan count fingeprint feature 337 with radius 3 and 2048 bits
feat_0338,integer,high,Morgan count fingeprint feature 338 with radius 3 and 2048 bits
feat_0339,integer,high,Morgan count fingeprint feature 339 with radius 3 and 2048 bits
feat_0340,integer,high,Morgan count fingeprint feature 340 with radius 3 and 2048 bits
feat_0341,integer,high,Morgan count fingeprint feature 341 with radius 3 and 2048 bits
feat_0342,integer,high,Morgan count fingeprint feature 342 with radius 3 and 2048 bits
feat_0343,integer,high,Morgan count fingeprint feature 343 with radius 3 and 2048 bits
feat_0344,integer,high,Morgan count fingeprint feature 344 with radius 3 and 2048 bits
feat_0345,integer,high,Morgan count fingeprint feature 345 with radius 3 and 2048 bits
feat_0346,integer,high,Morgan count fingeprint feature 346 with radius 3 and 2048 bits
feat_0347,integer,high,Morgan count fingeprint feature 347 with radius 3 and 2048 bits
feat_0348,integer,high,Morgan count fingeprint feature 348 with radius 3 and 2048 bits
feat_0349,integer,high,Morgan count fingeprint feature 349 with radius 3 and 2048 bits
feat_0350,integer,high,Morgan count fingeprint feature 350 with radius 3 and 2048 bits
feat_0351,integer,high,Morgan count fingeprint feature 351 with radius 3 and 2048 bits
feat_0352,integer,high,Morgan count fingeprint feature 352 with radius 3 and 2048 bits
feat_0353,integer,high,Morgan count fingeprint feature 353 with radius 3 and 2048 bits
feat_0354,integer,high,Morgan count fingeprint feature 354 with radius 3 and 2048 bits
feat_0355,integer,high,Morgan count fingeprint feature 355 with radius 3 and 2048 bits
feat_0356,integer,high,Morgan count fingeprint feature 356 with radius 3 and 2048 bits
feat_0357,integer,high,Morgan count fingeprint feature 357 with radius 3 and 2048 bits
feat_0358,integer,high,Morgan count fingeprint feature 358 with radius 3 and 2048 bits
feat_0359,integer,high,Morgan count fingeprint feature 359 with radius 3 and 2048 bits
feat_0360,integer,high,Morgan count fingeprint feature 360 with radius 3 and 2048 bits
feat_0361,integer,high,Morgan count fingeprint feature 361 with radius 3 and 2048 bits
feat_0362,integer,high,Morgan count fingeprint feature 362 with radius 3 and 2048 bits
feat_0363,integer,high,Morgan count fingeprint feature 363 with radius 3 and 2048 bits
feat_0364,integer,high,Morgan count fingeprint feature 364 with radius 3 and 2048 bits
feat_0365,integer,high,Morgan count fingeprint feature 365 with radius 3 and 2048 bits
feat_0366,integer,high,Morgan count fingeprint feature 366 with radius 3 and 2048 bits
feat_0367,integer,high,Morgan count fingeprint feature 367 with radius 3 and 2048 bits
feat_0368,integer,high,Morgan count fingeprint feature 368 with radius 3 and 2048 bits
feat_0369,integer,high,Morgan count fingeprint feature 369 with radius 3 and 2048 bits
feat_0370,integer,high,Morgan count fingeprint feature 370 with radius 3 and 2048 bits
feat_0371,integer,high,Morgan count fingeprint feature 371 with radius 3 and 2048 bits
feat_0372,integer,high,Morgan count fingeprint feature 372 with radius 3 and 2048 bits
feat_0373,integer,high,Morgan count fingeprint feature 373 with radius 3 and 2048 bits
feat_0374,integer,high,Morgan count fingeprint feature 374 with radius 3 and 2048 bits
feat_0375,integer,high,Morgan count fingeprint feature 375 with radius 3 and 2048 bits
feat_0376,integer,high,Morgan count fingeprint feature 376 with radius 3 and 2048 bits
feat_0377,integer,high,Morgan count fingeprint feature 377 with radius 3 and 2048 bits
feat_0378,integer,high,Morgan count fingeprint feature 378 with radius 3 and 2048 bits
feat_0379,integer,high,Morgan count fingeprint feature 379 with radius 3 and 2048 bits
feat_0380,integer,high,Morgan count fingeprint feature 380 with radius 3 and 2048 bits
feat_0381,integer,high,Morgan count fingeprint feature 381 with radius 3 and 2048 bits
feat_0382,integer,high,Morgan count fingeprint feature 382 with radius 3 and 2048 bits
feat_0383,integer,high,Morgan count fingeprint feature 383 with radius 3 and 2048 bits
feat_0384,integer,high,Morgan count fingeprint feature 384 with radius 3 and 2048 bits
feat_0385,integer,high,Morgan count fingeprint feature 385 with radius 3 and 2048 bits
feat_0386,integer,high,Morgan count fingeprint feature 386 with radius 3 and 2048 bits
feat_0387,integer,high,Morgan count fingeprint feature 387 with radius 3 and 2048 bits
feat_0388,integer,high,Morgan count fingeprint feature 388 with radius 3 and 2048 bits
feat_0389,integer,high,Morgan count fingeprint feature 389 with radius 3 and 2048 bits
feat_0390,integer,high,Morgan count fingeprint feature 390 with radius 3 and 2048 bits
feat_0391,integer,high,Morgan count fingeprint feature 391 with radius 3 and 2048 bits
feat_0392,integer,high,Morgan count fingeprint feature 392 with radius 3 and 2048 bits
feat_0393,integer,high,Morgan count fingeprint feature 393 with radius 3 and 2048 bits
feat_0394,integer,high,Morgan count fingeprint feature 394 with radius 3 and 2048 bits
feat_0395,integer,high,Morgan count fingeprint feature 395 with radius 3 and 2048 bits
feat_0396,integer,high,Morgan count fingeprint feature 396 with radius 3 and 2048 bits
feat_0397,integer,high,Morgan count fingeprint feature 397 with radius 3 and 2048 bits
feat_0398,integer,high,Morgan count fingeprint feature 398 with radius 3 and 2048 bits
feat_0399,integer,high,Morgan count fingeprint feature 399 with radius 3 and 2048 bits
feat_0400,integer,high,Morgan count fingeprint feature 400 with radius 3 and 2048 bits
feat_0401,integer,high,Morgan count fingeprint feature 401 with radius 3 and 2048 bits
feat_0402,integer,high,Morgan count fingeprint feature 402 with radius 3 and 2048 bits
feat_0403,integer,high,Morgan count fingeprint feature 403 with radius 3 and 2048 bits
feat_0404,integer,high,Morgan count fingeprint feature 404 with radius 3 and 2048 bits
feat_0405,integer,high,Morgan count fingeprint feature 405 with radius 3 and 2048 bits
feat_0406,integer,high,Morgan count fingeprint feature 406 with radius 3 and 2048 bits
feat_0407,integer,high,Morgan count fingeprint feature 407 with radius 3 and 2048 bits
feat_0408,integer,high,Morgan count fingeprint feature 408 with radius 3 and 2048 bits
feat_0409,integer,high,Morgan count fingeprint feature 409 with radius 3 and 2048 bits
feat_0410,integer,high,Morgan count fingeprint feature 410 with radius 3 and 2048 bits
feat_0411,integer,high,Morgan count fingeprint feature 411 with radius 3 and 2048 bits
feat_0412,integer,high,Morgan count fingeprint feature 412 with radius 3 and 2048 bits
feat_0413,integer,high,Morgan count fingeprint feature 413 with radius 3 and 2048 bits
feat_0414,integer,high,Morgan count fingeprint feature 414 with radius 3 and 2048 bits
feat_0415,integer,high,Morgan count fingeprint feature 415 with radius 3 and 2048 bits
feat_0416,integer,high,Morgan count fingeprint feature 416 with radius 3 and 2048 bits
feat_0417,integer,high,Morgan count fingeprint feature 417 with radius 3 and 2048 bits
feat_0418,integer,high,Morgan count fingeprint feature 418 with radius 3 and 2048 bits
feat_0419,integer,high,Morgan count fingeprint feature 419 with radius 3 and 2048 bits
feat_0420,integer,high,Morgan count fingeprint feature 420 with radius 3 and 2048 bits
feat_0421,integer,high,Morgan count fingeprint feature 421 with radius 3 and 2048 bits
feat_0422,integer,high,Morgan count fingeprint feature 422 with radius 3 and 2048 bits
feat_0423,integer,high,Morgan count fingeprint feature 423 with radius 3 and 2048 bits
feat_0424,integer,high,Morgan count fingeprint feature 424 with radius 3 and 2048 bits
feat_0425,integer,high,Morgan count fingeprint feature 425 with radius 3 and 2048 bits
feat_0426,integer,high,Morgan count fingeprint feature 426 with radius 3 and 2048 bits
feat_0427,integer,high,Morgan count fingeprint feature 427 with radius 3 and 2048 bits
feat_0428,integer,high,Morgan count fingeprint feature 428 with radius 3 and 2048 bits
feat_0429,integer,high,Morgan count fingeprint feature 429 with radius 3 and 2048 bits
feat_0430,integer,high,Morgan count fingeprint feature 430 with radius 3 and 2048 bits
feat_0431,integer,high,Morgan count fingeprint feature 431 with radius 3 and 2048 bits
feat_0432,integer,high,Morgan count fingeprint feature 432 with radius 3 and 2048 bits
feat_0433,integer,high,Morgan count fingeprint feature 433 with radius 3 and 2048 bits
feat_0434,integer,high,Morgan count fingeprint feature 434 with radius 3 and 2048 bits
feat_0435,integer,high,Morgan count fingeprint feature 435 with radius 3 and 2048 bits
feat_0436,integer,high,Morgan count fingeprint feature 436 with radius 3 and 2048 bits
feat_0437,integer,high,Morgan count fingeprint feature 437 with radius 3 and 2048 bits
feat_0438,integer,high,Morgan count fingeprint feature 438 with radius 3 and 2048 bits
feat_0439,integer,high,Morgan count fingeprint feature 439 with radius 3 and 2048 bits
feat_0440,integer,high,Morgan count fingeprint feature 440 with radius 3 and 2048 bits
feat_0441,integer,high,Morgan count fingeprint feature 441 with radius 3 and 2048 bits
feat_0442,integer,high,Morgan count fingeprint feature 442 with radius 3 and 2048 bits
feat_0443,integer,high,Morgan count fingeprint feature 443 with radius 3 and 2048 bits
feat_0444,integer,high,Morgan count fingeprint feature 444 with radius 3 and 2048 bits
feat_0445,integer,high,Morgan count fingeprint feature 445 with radius 3 and 2048 bits
feat_0446,integer,high,Morgan count fingeprint feature 446 with radius 3 and 2048 bits
feat_0447,integer,high,Morgan count fingeprint feature 447 with radius 3 and 2048 bits
feat_0448,integer,high,Morgan count fingeprint feature 448 with radius 3 and 2048 bits
feat_0449,integer,high,Morgan count fingeprint feature 449 with radius 3 and 2048 bits
feat_0450,integer,high,Morgan count fingeprint feature 450 with radius 3 and 2048 bits
feat_0451,integer,high,Morgan count fingeprint feature 451 with radius 3 and 2048 bits
feat_0452,integer,high,Morgan count fingeprint feature 452 with radius 3 and 2048 bits
feat_0453,integer,high,Morgan count fingeprint feature 453 with radius 3 and 2048 bits
feat_0454,integer,high,Morgan count fingeprint feature 454 with radius 3 and 2048 bits
feat_0455,integer,high,Morgan count fingeprint feature 455 with radius 3 and 2048 bits
feat_0456,integer,high,Morgan count fingeprint feature 456 with radius 3 and 2048 bits
feat_0457,integer,high,Morgan count fingeprint feature 457 with radius 3 and 2048 bits
feat_0458,integer,high,Morgan count fingeprint feature 458 with radius 3 and 2048 bits
feat_0459,integer,high,Morgan count fingeprint feature 459 with radius 3 and 2048 bits
feat_0460,integer,high,Morgan count fingeprint feature 460 with radius 3 and 2048 bits
feat_0461,integer,high,Morgan count fingeprint feature 461 with radius 3 and 2048 bits
feat_0462,integer,high,Morgan count fingeprint feature 462 with radius 3 and 2048 bits
feat_0463,integer,high,Morgan count fingeprint feature 463 with radius 3 and 2048 bits
feat_0464,integer,high,Morgan count fingeprint feature 464 with radius 3 and 2048 bits
feat_0465,integer,high,Morgan count fingeprint feature 465 with radius 3 and 2048 bits
feat_0466,integer,high,Morgan count fingeprint feature 466 with radius 3 and 2048 bits
feat_0467,integer,high,Morgan count fingeprint feature 467 with radius 3 and 2048 bits
feat_0468,integer,high,Morgan count fingeprint feature 468 with radius 3 and 2048 bits
feat_0469,integer,high,Morgan count fingeprint feature 469 with radius 3 and 2048 bits
feat_0470,integer,high,Morgan count fingeprint feature 470 with radius 3 and 2048 bits
feat_0471,integer,high,Morgan count fingeprint feature 471 with radius 3 and 2048 bits
feat_0472,integer,high,Morgan count fingeprint feature 472 with radius 3 and 2048 bits
feat_0473,integer,high,Morgan count fingeprint feature 473 with radius 3 and 2048 bits
feat_0474,integer,high,Morgan count fingeprint feature 474 with radius 3 and 2048 bits
feat_0475,integer,high,Morgan count fingeprint feature 475 with radius 3 and 2048 bits
feat_0476,integer,high,Morgan count fingeprint feature 476 with radius 3 and 2048 bits
feat_0477,integer,high,Morgan count fingeprint feature 477 with radius 3 and 2048 bits
feat_0478,integer,high,Morgan count fingeprint feature 478 with radius 3 and 2048 bits
feat_0479,integer,high,Morgan count fingeprint feature 479 with radius 3 and 2048 bits
feat_0480,integer,high,Morgan count fingeprint feature 480 with radius 3 and 2048 bits
feat_0481,integer,high,Morgan count fingeprint feature 481 with radius 3 and 2048 bits
feat_0482,integer,high,Morgan count fingeprint feature 482 with radius 3 and 2048 bits
feat_0483,integer,high,Morgan count fingeprint feature 483 with radius 3 and 2048 bits
feat_0484,integer,high,Morgan count fingeprint feature 484 with radius 3 and 2048 bits
feat_0485,integer,high,Morgan count fingeprint feature 485 with radius 3 and 2048 bits
feat_0486,integer,high,Morgan count fingeprint feature 486 with radius 3 and 2048 bits
feat_0487,integer,high,Morgan count fingeprint feature 487 with radius 3 and 2048 bits
feat_0488,integer,high,Morgan count fingeprint feature 488 with radius 3 and 2048 bits
feat_0489,integer,high,Morgan count fingeprint feature 489 with radius 3 and 2048 bits
feat_0490,integer,high,Morgan count fingeprint feature 490 with radius 3 and 2048 bits
feat_0491,integer,high,Morgan count fingeprint feature 491 with radius 3 and 2048 bits
feat_0492,integer,high,Morgan count fingeprint feature 492 with radius 3 and 2048 bits
feat_0493,integer,high,Morgan count fingeprint feature 493 with radius 3 and 2048 bits
feat_0494,integer,high,Morgan count fingeprint feature 494 with radius 3 and 2048 bits
feat_0495,integer,high,Morgan count fingeprint feature 495 with radius 3 and 2048 bits
feat_0496,integer,high,Morgan count fingeprint feature 496 with radius 3 and 2048 bits
feat_0497,integer,high,Morgan count fingeprint feature 497 with radius 3 and 2048 bits
feat_0498,integer,high,Morgan count fingeprint feature 498 with radius 3 and 2048 bits
feat_0499,integer,high,Morgan count fingeprint feature 499 with radius 3 and 2048 bits
feat_0500,integer,high,Morgan count fingeprint feature 500 with radius 3 and 2048 bits
feat_0501,integer,high,Morgan count fingeprint feature 501 with radius 3 and 2048 bits
feat_0502,integer,high,Morgan count fingeprint feature 502 with radius 3 and 2048 bits
feat_0503,integer,high,Morgan count fingeprint feature 503 with radius 3 and 2048 bits
feat_0504,integer,high,Morgan count fingeprint feature 504 with radius 3 and 2048 bits
feat_0505,integer,high,Morgan count fingeprint feature 505 with radius 3 and 2048 bits
feat_0506,integer,high,Morgan count fingeprint feature 506 with radius 3 and 2048 bits
feat_0507,integer,high,Morgan count fingeprint feature 507 with radius 3 and 2048 bits
feat_0508,integer,high,Morgan count fingeprint feature 508 with radius 3 and 2048 bits
feat_0509,integer,high,Morgan count fingeprint feature 509 with radius 3 and 2048 bits
feat_0510,integer,high,Morgan count fingeprint feature 510 with radius 3 and 2048 bits
feat_0511,integer,high,Morgan count fingeprint feature 511 with radius 3 and 2048 bits
feat_0512,integer,high,Morgan count fingeprint feature 512 with radius 3 and 2048 bits
feat_0513,integer,high,Morgan count fingeprint feature 513 with radius 3 and 2048 bits
feat_0514,integer,high,Morgan count fingeprint feature 514 with radius 3 and 2048 bits
feat_0515,integer,high,Morgan count fingeprint feature 515 with radius 3 and 2048 bits
feat_0516,integer,high,Morgan count fingeprint feature 516 with radius 3 and 2048 bits
feat_0517,integer,high,Morgan count fingeprint feature 517 with radius 3 and 2048 bits
feat_0518,integer,high,Morgan count fingeprint feature 518 with radius 3 and 2048 bits
feat_0519,integer,high,Morgan count fingeprint feature 519 with radius 3 and 2048 bits
feat_0520,integer,high,Morgan count fingeprint feature 520 with radius 3 and 2048 bits
feat_0521,integer,high,Morgan count fingeprint feature 521 with radius 3 and 2048 bits
feat_0522,integer,high,Morgan count fingeprint feature 522 with radius 3 and 2048 bits
feat_0523,integer,high,Morgan count fingeprint feature 523 with radius 3 and 2048 bits
feat_0524,integer,high,Morgan count fingeprint feature 524 with radius 3 and 2048 bits
feat_0525,integer,high,Morgan count fingeprint feature 525 with radius 3 and 2048 bits
feat_0526,integer,high,Morgan count fingeprint feature 526 with radius 3 and 2048 bits
feat_0527,integer,high,Morgan count fingeprint feature 527 with radius 3 and 2048 bits
feat_0528,integer,high,Morgan count fingeprint feature 528 with radius 3 and 2048 bits
feat_0529,integer,high,Morgan count fingeprint feature 529 with radius 3 and 2048 bits
feat_0530,integer,high,Morgan count fingeprint feature 530 with radius 3 and 2048 bits
feat_0531,integer,high,Morgan count fingeprint feature 531 with radius 3 and 2048 bits
feat_0532,integer,high,Morgan count fingeprint feature 532 with radius 3 and 2048 bits
feat_0533,integer,high,Morgan count fingeprint feature 533 with radius 3 and 2048 bits
feat_0534,integer,high,Morgan count fingeprint feature 534 with radius 3 and 2048 bits
feat_0535,integer,high,Morgan count fingeprint feature 535 with radius 3 and 2048 bits
feat_0536,integer,high,Morgan count fingeprint feature 536 with radius 3 and 2048 bits
feat_0537,integer,high,Morgan count fingeprint feature 537 with radius 3 and 2048 bits
feat_0538,integer,high,Morgan count fingeprint feature 538 with radius 3 and 2048 bits
feat_0539,integer,high,Morgan count fingeprint feature 539 with radius 3 and 2048 bits
feat_0540,integer,high,Morgan count fingeprint feature 540 with radius 3 and 2048 bits
feat_0541,integer,high,Morgan count fingeprint feature 541 with radius 3 and 2048 bits
feat_0542,integer,high,Morgan count fingeprint feature 542 with radius 3 and 2048 bits
feat_0543,integer,high,Morgan count fingeprint feature 543 with radius 3 and 2048 bits
feat_0544,integer,high,Morgan count fingeprint feature 544 with radius 3 and 2048 bits
feat_0545,integer,high,Morgan count fingeprint feature 545 with radius 3 and 2048 bits
feat_0546,integer,high,Morgan count fingeprint feature 546 with radius 3 and 2048 bits
feat_0547,integer,high,Morgan count fingeprint feature 547 with radius 3 and 2048 bits
feat_0548,integer,high,Morgan count fingeprint feature 548 with radius 3 and 2048 bits
feat_0549,integer,high,Morgan count fingeprint feature 549 with radius 3 and 2048 bits
feat_0550,integer,high,Morgan count fingeprint feature 550 with radius 3 and 2048 bits
feat_0551,integer,high,Morgan count fingeprint feature 551 with radius 3 and 2048 bits
feat_0552,integer,high,Morgan count fingeprint feature 552 with radius 3 and 2048 bits
feat_0553,integer,high,Morgan count fingeprint feature 553 with radius 3 and 2048 bits
feat_0554,integer,high,Morgan count fingeprint feature 554 with radius 3 and 2048 bits
feat_0555,integer,high,Morgan count fingeprint feature 555 with radius 3 and 2048 bits
feat_0556,integer,high,Morgan count fingeprint feature 556 with radius 3 and 2048 bits
feat_0557,integer,high,Morgan count fingeprint feature 557 with radius 3 and 2048 bits
feat_0558,integer,high,Morgan count fingeprint feature 558 with radius 3 and 2048 bits
feat_0559,integer,high,Morgan count fingeprint feature 559 with radius 3 and 2048 bits
feat_0560,integer,high,Morgan count fingeprint feature 560 with radius 3 and 2048 bits
feat_0561,integer,high,Morgan count fingeprint feature 561 with radius 3 and 2048 bits
feat_0562,integer,high,Morgan count fingeprint feature 562 with radius 3 and 2048 bits
feat_0563,integer,high,Morgan count fingeprint feature 563 with radius 3 and 2048 bits
feat_0564,integer,high,Morgan count fingeprint feature 564 with radius 3 and 2048 bits
feat_0565,integer,high,Morgan count fingeprint feature 565 with radius 3 and 2048 bits
feat_0566,integer,high,Morgan count fingeprint feature 566 with radius 3 and 2048 bits
feat_0567,integer,high,Morgan count fingeprint feature 567 with radius 3 and 2048 bits
feat_0568,integer,high,Morgan count fingeprint feature 568 with radius 3 and 2048 bits
feat_0569,integer,high,Morgan count fingeprint feature 569 with radius 3 and 2048 bits
feat_0570,integer,high,Morgan count fingeprint feature 570 with radius 3 and 2048 bits
feat_0571,integer,high,Morgan count fingeprint feature 571 with radius 3 and 2048 bits
feat_0572,integer,high,Morgan count fingeprint feature 572 with radius 3 and 2048 bits
feat_0573,integer,high,Morgan count fingeprint feature 573 with radius 3 and 2048 bits
feat_0574,integer,high,Morgan count fingeprint feature 574 with radius 3 and 2048 bits
feat_0575,integer,high,Morgan count fingeprint feature 575 with radius 3 and 2048 bits
feat_0576,integer,high,Morgan count fingeprint feature 576 with radius 3 and 2048 bits
feat_0577,integer,high,Morgan count fingeprint feature 577 with radius 3 and 2048 bits
feat_0578,integer,high,Morgan count fingeprint feature 578 with radius 3 and 2048 bits
feat_0579,integer,high,Morgan count fingeprint feature 579 with radius 3 and 2048 bits
feat_0580,integer,high,Morgan count fingeprint feature 580 with radius 3 and 2048 bits
feat_0581,integer,high,Morgan count fingeprint feature 581 with radius 3 and 2048 bits
feat_0582,integer,high,Morgan count fingeprint feature 582 with radius 3 and 2048 bits
feat_0583,integer,high,Morgan count fingeprint feature 583 with radius 3 and 2048 bits
feat_0584,integer,high,Morgan count fingeprint feature 584 with radius 3 and 2048 bits
feat_0585,integer,high,Morgan count fingeprint feature 585 with radius 3 and 2048 bits
feat_0586,integer,high,Morgan count fingeprint feature 586 with radius 3 and 2048 bits
feat_0587,integer,high,Morgan count fingeprint feature 587 with radius 3 and 2048 bits
feat_0588,integer,high,Morgan count fingeprint feature 588 with radius 3 and 2048 bits
feat_0589,integer,high,Morgan count fingeprint feature 589 with radius 3 and 2048 bits
feat_0590,integer,high,Morgan count fingeprint feature 590 with radius 3 and 2048 bits
feat_0591,integer,high,Morgan count fingeprint feature 591 with radius 3 and 2048 bits
feat_0592,integer,high,Morgan count fingeprint feature 592 with radius 3 and 2048 bits
feat_0593,integer,high,Morgan count fingeprint feature 593 with radius 3 and 2048 bits
feat_0594,integer,high,Morgan count fingeprint feature 594 with radius 3 and 2048 bits
feat_0595,integer,high,Morgan count fingeprint feature 595 with radius 3 and 2048 bits
feat_0596,integer,high,Morgan count fingeprint feature 596 with radius 3 and 2048 bits
feat_0597,integer,high,Morgan count fingeprint feature 597 with radius 3 and 2048 bits
feat_0598,integer,high,Morgan count fingeprint feature 598 with radius 3 and 2048 bits
feat_0599,integer,high,Morgan count fingeprint feature 599 with radius 3 and 2048 bits
feat_0600,integer,high,Morgan count fingeprint feature 600 with radius 3 and 2048 bits
feat_0601,integer,high,Morgan count fingeprint feature 601 with radius 3 and 2048 bits
feat_0602,integer,high,Morgan count fingeprint feature 602 with radius 3 and 2048 bits
feat_0603,integer,high,Morgan count fingeprint feature 603 with radius 3 and 2048 bits
feat_0604,integer,high,Morgan count fingeprint feature 604 with radius 3 and 2048 bits
feat_0605,integer,high,Morgan count fingeprint feature 605 with radius 3 and 2048 bits
feat_0606,integer,high,Morgan count fingeprint feature 606 with radius 3 and 2048 bits
feat_0607,integer,high,Morgan count fingeprint feature 607 with radius 3 and 2048 bits
feat_0608,integer,high,Morgan count fingeprint feature 608 with radius 3 and 2048 bits
feat_0609,integer,high,Morgan count fingeprint feature 609 with radius 3 and 2048 bits
feat_0610,integer,high,Morgan count fingeprint feature 610 with radius 3 and 2048 bits
feat_0611,integer,high,Morgan count fingeprint feature 611 with radius 3 and 2048 bits
feat_0612,integer,high,Morgan count fingeprint feature 612 with radius 3 and 2048 bits
feat_0613,integer,high,Morgan count fingeprint feature 613 with radius 3 and 2048 bits
feat_0614,integer,high,Morgan count fingeprint feature 614 with radius 3 and 2048 bits
feat_0615,integer,high,Morgan count fingeprint feature 615 with radius 3 and 2048 bits
feat_0616,integer,high,Morgan count fingeprint feature 616 with radius 3 and 2048 bits
feat_0617,integer,high,Morgan count fingeprint feature 617 with radius 3 and 2048 bits
feat_0618,integer,high,Morgan count fingeprint feature 618 with radius 3 and 2048 bits
feat_0619,integer,high,Morgan count fingeprint feature 619 with radius 3 and 2048 bits
feat_0620,integer,high,Morgan count fingeprint feature 620 with radius 3 and 2048 bits
feat_0621,integer,high,Morgan count fingeprint feature 621 with radius 3 and 2048 bits
feat_0622,integer,high,Morgan count fingeprint feature 622 with radius 3 and 2048 bits
feat_0623,integer,high,Morgan count fingeprint feature 623 with radius 3 and 2048 bits
feat_0624,integer,high,Morgan count fingeprint feature 624 with radius 3 and 2048 bits
feat_0625,integer,high,Morgan count fingeprint feature 625 with radius 3 and 2048 bits
feat_0626,integer,high,Morgan count fingeprint feature 626 with radius 3 and 2048 bits
feat_0627,integer,high,Morgan count fingeprint feature 627 with radius 3 and 2048 bits
feat_0628,integer,high,Morgan count fingeprint feature 628 with radius 3 and 2048 bits
feat_0629,integer,high,Morgan count fingeprint feature 629 with radius 3 and 2048 bits
feat_0630,integer,high,Morgan count fingeprint feature 630 with radius 3 and 2048 bits
feat_0631,integer,high,Morgan count fingeprint feature 631 with radius 3 and 2048 bits
feat_0632,integer,high,Morgan count fingeprint feature 632 with radius 3 and 2048 bits
feat_0633,integer,high,Morgan count fingeprint feature 633 with radius 3 and 2048 bits
feat_0634,integer,high,Morgan count fingeprint feature 634 with radius 3 and 2048 bits
feat_0635,integer,high,Morgan count fingeprint feature 635 with radius 3 and 2048 bits
feat_0636,integer,high,Morgan count fingeprint feature 636 with radius 3 and 2048 bits
feat_0637,integer,high,Morgan count fingeprint feature 637 with radius 3 and 2048 bits
feat_0638,integer,high,Morgan count fingeprint feature 638 with radius 3 and 2048 bits
feat_0639,integer,high,Morgan count fingeprint feature 639 with radius 3 and 2048 bits
feat_0640,integer,high,Morgan count fingeprint feature 640 with radius 3 and 2048 bits
feat_0641,integer,high,Morgan count fingeprint feature 641 with radius 3 and 2048 bits
feat_0642,integer,high,Morgan count fingeprint feature 642 with radius 3 and 2048 bits
feat_0643,integer,high,Morgan count fingeprint feature 643 with radius 3 and 2048 bits
feat_0644,integer,high,Morgan count fingeprint feature 644 with radius 3 and 2048 bits
feat_0645,integer,high,Morgan count fingeprint feature 645 with radius 3 and 2048 bits
feat_0646,integer,high,Morgan count fingeprint feature 646 with radius 3 and 2048 bits
feat_0647,integer,high,Morgan count fingeprint feature 647 with radius 3 and 2048 bits
feat_0648,integer,high,Morgan count fingeprint feature 648 with radius 3 and 2048 bits
feat_0649,integer,high,Morgan count fingeprint feature 649 with radius 3 and 2048 bits
feat_0650,integer,high,Morgan count fingeprint feature 650 with radius 3 and 2048 bits
feat_0651,integer,high,Morgan count fingeprint feature 651 with radius 3 and 2048 bits
feat_0652,integer,high,Morgan count fingeprint feature 652 with radius 3 and 2048 bits
feat_0653,integer,high,Morgan count fingeprint feature 653 with radius 3 and 2048 bits
feat_0654,integer,high,Morgan count fingeprint feature 654 with radius 3 and 2048 bits
feat_0655,integer,high,Morgan count fingeprint feature 655 with radius 3 and 2048 bits
feat_0656,integer,high,Morgan count fingeprint feature 656 with radius 3 and 2048 bits
feat_0657,integer,high,Morgan count fingeprint feature 657 with radius 3 and 2048 bits
feat_0658,integer,high,Morgan count fingeprint feature 658 with radius 3 and 2048 bits
feat_0659,integer,high,Morgan count fingeprint feature 659 with radius 3 and 2048 bits
feat_0660,integer,high,Morgan count fingeprint feature 660 with radius 3 and 2048 bits
feat_0661,integer,high,Morgan count fingeprint feature 661 with radius 3 and 2048 bits
feat_0662,integer,high,Morgan count fingeprint feature 662 with radius 3 and 2048 bits
feat_0663,integer,high,Morgan count fingeprint feature 663 with radius 3 and 2048 bits
feat_0664,integer,high,Morgan count fingeprint feature 664 with radius 3 and 2048 bits
feat_0665,integer,high,Morgan count fingeprint feature 665 with radius 3 and 2048 bits
feat_0666,integer,high,Morgan count fingeprint feature 666 with radius 3 and 2048 bits
feat_0667,integer,high,Morgan count fingeprint feature 667 with radius 3 and 2048 bits
feat_0668,integer,high,Morgan count fingeprint feature 668 with radius 3 and 2048 bits
feat_0669,integer,high,Morgan count fingeprint feature 669 with radius 3 and 2048 bits
feat_0670,integer,high,Morgan count fingeprint feature 670 with radius 3 and 2048 bits
feat_0671,integer,high,Morgan count fingeprint feature 671 with radius 3 and 2048 bits
feat_0672,integer,high,Morgan count fingeprint feature 672 with radius 3 and 2048 bits
feat_0673,integer,high,Morgan count fingeprint feature 673 with radius 3 and 2048 bits
feat_0674,integer,high,Morgan count fingeprint feature 674 with radius 3 and 2048 bits
feat_0675,integer,high,Morgan count fingeprint feature 675 with radius 3 and 2048 bits
feat_0676,integer,high,Morgan count fingeprint feature 676 with radius 3 and 2048 bits
feat_0677,integer,high,Morgan count fingeprint feature 677 with radius 3 and 2048 bits
feat_0678,integer,high,Morgan count fingeprint feature 678 with radius 3 and 2048 bits
feat_0679,integer,high,Morgan count fingeprint feature 679 with radius 3 and 2048 bits
feat_0680,integer,high,Morgan count fingeprint feature 680 with radius 3 and 2048 bits
feat_0681,integer,high,Morgan count fingeprint feature 681 with radius 3 and 2048 bits
feat_0682,integer,high,Morgan count fingeprint feature 682 with radius 3 and 2048 bits
feat_0683,integer,high,Morgan count fingeprint feature 683 with radius 3 and 2048 bits
feat_0684,integer,high,Morgan count fingeprint feature 684 with radius 3 and 2048 bits
feat_0685,integer,high,Morgan count fingeprint feature 685 with radius 3 and 2048 bits
feat_0686,integer,high,Morgan count fingeprint feature 686 with radius 3 and 2048 bits
feat_0687,integer,high,Morgan count fingeprint feature 687 with radius 3 and 2048 bits
feat_0688,integer,high,Morgan count fingeprint feature 688 with radius 3 and 2048 bits
feat_0689,integer,high,Morgan count fingeprint feature 689 with radius 3 and 2048 bits
feat_0690,integer,high,Morgan count fingeprint feature 690 with radius 3 and 2048 bits
feat_0691,integer,high,Morgan count fingeprint feature 691 with radius 3 and 2048 bits
feat_0692,integer,high,Morgan count fingeprint feature 692 with radius 3 and 2048 bits
feat_0693,integer,high,Morgan count fingeprint feature 693 with radius 3 and 2048 bits
feat_0694,integer,high,Morgan count fingeprint feature 694 with radius 3 and 2048 bits
feat_0695,integer,high,Morgan count fingeprint feature 695 with radius 3 and 2048 bits
feat_0696,integer,high,Morgan count fingeprint feature 696 with radius 3 and 2048 bits
feat_0697,integer,high,Morgan count fingeprint feature 697 with radius 3 and 2048 bits
feat_0698,integer,high,Morgan count fingeprint feature 698 with radius 3 and 2048 bits
feat_0699,integer,high,Morgan count fingeprint feature 699 with radius 3 and 2048 bits
feat_0700,integer,high,Morgan count fingeprint feature 700 with radius 3 and 2048 bits
feat_0701,integer,high,Morgan count fingeprint feature 701 with radius 3 and 2048 bits
feat_0702,integer,high,Morgan count fingeprint feature 702 with radius 3 and 2048 bits
feat_0703,integer,high,Morgan count fingeprint feature 703 with radius 3 and 2048 bits
feat_0704,integer,high,Morgan count fingeprint feature 704 with radius 3 and 2048 bits
feat_0705,integer,high,Morgan count fingeprint feature 705 with radius 3 and 2048 bits
feat_0706,integer,high,Morgan count fingeprint feature 706 with radius 3 and 2048 bits
feat_0707,integer,high,Morgan count fingeprint feature 707 with radius 3 and 2048 bits
feat_0708,integer,high,Morgan count fingeprint feature 708 with radius 3 and 2048 bits
feat_0709,integer,high,Morgan count fingeprint feature 709 with radius 3 and 2048 bits
feat_0710,integer,high,Morgan count fingeprint feature 710 with radius 3 and 2048 bits
feat_0711,integer,high,Morgan count fingeprint feature 711 with radius 3 and 2048 bits
feat_0712,integer,high,Morgan count fingeprint feature 712 with radius 3 and 2048 bits
feat_0713,integer,high,Morgan count fingeprint feature 713 with radius 3 and 2048 bits
feat_0714,integer,high,Morgan count fingeprint feature 714 with radius 3 and 2048 bits
feat_0715,integer,high,Morgan count fingeprint feature 715 with radius 3 and 2048 bits
feat_0716,integer,high,Morgan count fingeprint feature 716 with radius 3 and 2048 bits
feat_0717,integer,high,Morgan count fingeprint feature 717 with radius 3 and 2048 bits
feat_0718,integer,high,Morgan count fingeprint feature 718 with radius 3 and 2048 bits
feat_0719,integer,high,Morgan count fingeprint feature 719 with radius 3 and 2048 bits
feat_0720,integer,high,Morgan count fingeprint feature 720 with radius 3 and 2048 bits
feat_0721,integer,high,Morgan count fingeprint feature 721 with radius 3 and 2048 bits
feat_0722,integer,high,Morgan count fingeprint feature 722 with radius 3 and 2048 bits
feat_0723,integer,high,Morgan count fingeprint feature 723 with radius 3 and 2048 bits
feat_0724,integer,high,Morgan count fingeprint feature 724 with radius 3 and 2048 bits
feat_0725,integer,high,Morgan count fingeprint feature 725 with radius 3 and 2048 bits
feat_0726,integer,high,Morgan count fingeprint feature 726 with radius 3 and 2048 bits
feat_0727,integer,high,Morgan count fingeprint feature 727 with radius 3 and 2048 bits
feat_0728,integer,high,Morgan count fingeprint feature 728 with radius 3 and 2048 bits
feat_0729,integer,high,Morgan count fingeprint feature 729 with radius 3 and 2048 bits
feat_0730,integer,high,Morgan count fingeprint feature 730 with radius 3 and 2048 bits
feat_0731,integer,high,Morgan count fingeprint feature 731 with radius 3 and 2048 bits
feat_0732,integer,high,Morgan count fingeprint feature 732 with radius 3 and 2048 bits
feat_0733,integer,high,Morgan count fingeprint feature 733 with radius 3 and 2048 bits
feat_0734,integer,high,Morgan count fingeprint feature 734 with radius 3 and 2048 bits
feat_0735,integer,high,Morgan count fingeprint feature 735 with radius 3 and 2048 bits
feat_0736,integer,high,Morgan count fingeprint feature 736 with radius 3 and 2048 bits
feat_0737,integer,high,Morgan count fingeprint feature 737 with radius 3 and 2048 bits
feat_0738,integer,high,Morgan count fingeprint feature 738 with radius 3 and 2048 bits
feat_0739,integer,high,Morgan count fingeprint feature 739 with radius 3 and 2048 bits
feat_0740,integer,high,Morgan count fingeprint feature 740 with radius 3 and 2048 bits
feat_0741,integer,high,Morgan count fingeprint feature 741 with radius 3 and 2048 bits
feat_0742,integer,high,Morgan count fingeprint feature 742 with radius 3 and 2048 bits
feat_0743,integer,high,Morgan count fingeprint feature 743 with radius 3 and 2048 bits
feat_0744,integer,high,Morgan count fingeprint feature 744 with radius 3 and 2048 bits
feat_0745,integer,high,Morgan count fingeprint feature 745 with radius 3 and 2048 bits
feat_0746,integer,high,Morgan count fingeprint feature 746 with radius 3 and 2048 bits
feat_0747,integer,high,Morgan count fingeprint feature 747 with radius 3 and 2048 bits
feat_0748,integer,high,Morgan count fingeprint feature 748 with radius 3 and 2048 bits
feat_0749,integer,high,Morgan count fingeprint feature 749 with radius 3 and 2048 bits
feat_0750,integer,high,Morgan count fingeprint feature 750 with radius 3 and 2048 bits
feat_0751,integer,high,Morgan count fingeprint feature 751 with radius 3 and 2048 bits
feat_0752,integer,high,Morgan count fingeprint feature 752 with radius 3 and 2048 bits
feat_0753,integer,high,Morgan count fingeprint feature 753 with radius 3 and 2048 bits
feat_0754,integer,high,Morgan count fingeprint feature 754 with radius 3 and 2048 bits
feat_0755,integer,high,Morgan count fingeprint feature 755 with radius 3 and 2048 bits
feat_0756,integer,high,Morgan count fingeprint feature 756 with radius 3 and 2048 bits
feat_0757,integer,high,Morgan count fingeprint feature 757 with radius 3 and 2048 bits
feat_0758,integer,high,Morgan count fingeprint feature 758 with radius 3 and 2048 bits
feat_0759,integer,high,Morgan count fingeprint feature 759 with radius 3 and 2048 bits
feat_0760,integer,high,Morgan count fingeprint feature 760 with radius 3 and 2048 bits
feat_0761,integer,high,Morgan count fingeprint feature 761 with radius 3 and 2048 bits
feat_0762,integer,high,Morgan count fingeprint feature 762 with radius 3 and 2048 bits
feat_0763,integer,high,Morgan count fingeprint feature 763 with radius 3 and 2048 bits
feat_0764,integer,high,Morgan count fingeprint feature 764 with radius 3 and 2048 bits
feat_0765,integer,high,Morgan count fingeprint feature 765 with radius 3 and 2048 bits
feat_0766,integer,high,Morgan count fingeprint feature 766 with radius 3 and 2048 bits
feat_0767,integer,high,Morgan count fingeprint feature 767 with radius 3 and 2048 bits
feat_0768,integer,high,Morgan count fingeprint feature 768 with radius 3 and 2048 bits
feat_0769,integer,high,Morgan count fingeprint feature 769 with radius 3 and 2048 bits
feat_0770,integer,high,Morgan count fingeprint feature 770 with radius 3 and 2048 bits
feat_0771,integer,high,Morgan count fingeprint feature 771 with radius 3 and 2048 bits
feat_0772,integer,high,Morgan count fingeprint feature 772 with radius 3 and 2048 bits
feat_0773,integer,high,Morgan count fingeprint feature 773 with radius 3 and 2048 bits
feat_0774,integer,high,Morgan count fingeprint feature 774 with radius 3 and 2048 bits
feat_0775,integer,high,Morgan count fingeprint feature 775 with radius 3 and 2048 bits
feat_0776,integer,high,Morgan count fingeprint feature 776 with radius 3 and 2048 bits
feat_0777,integer,high,Morgan count fingeprint feature 777 with radius 3 and 2048 bits
feat_0778,integer,high,Morgan count fingeprint feature 778 with radius 3 and 2048 bits
feat_0779,integer,high,Morgan count fingeprint feature 779 with radius 3 and 2048 bits
feat_0780,integer,high,Morgan count fingeprint feature 780 with radius 3 and 2048 bits
feat_0781,integer,high,Morgan count fingeprint feature 781 with radius 3 and 2048 bits
feat_0782,integer,high,Morgan count fingeprint feature 782 with radius 3 and 2048 bits
feat_0783,integer,high,Morgan count fingeprint feature 783 with radius 3 and 2048 bits
feat_0784,integer,high,Morgan count fingeprint feature 784 with radius 3 and 2048 bits
feat_0785,integer,high,Morgan count fingeprint feature 785 with radius 3 and 2048 bits
feat_0786,integer,high,Morgan count fingeprint feature 786 with radius 3 and 2048 bits
feat_0787,integer,high,Morgan count fingeprint feature 787 with radius 3 and 2048 bits
feat_0788,integer,high,Morgan count fingeprint feature 788 with radius 3 and 2048 bits
feat_0789,integer,high,Morgan count fingeprint feature 789 with radius 3 and 2048 bits
feat_0790,integer,high,Morgan count fingeprint feature 790 with radius 3 and 2048 bits
feat_0791,integer,high,Morgan count fingeprint feature 791 with radius 3 and 2048 bits
feat_0792,integer,high,Morgan count fingeprint feature 792 with radius 3 and 2048 bits
feat_0793,integer,high,Morgan count fingeprint feature 793 with radius 3 and 2048 bits
feat_0794,integer,high,Morgan count fingeprint feature 794 with radius 3 and 2048 bits
feat_0795,integer,high,Morgan count fingeprint feature 795 with radius 3 and 2048 bits
feat_0796,integer,high,Morgan count fingeprint feature 796 with radius 3 and 2048 bits
feat_0797,integer,high,Morgan count fingeprint feature 797 with radius 3 and 2048 bits
feat_0798,integer,high,Morgan count fingeprint feature 798 with radius 3 and 2048 bits
feat_0799,integer,high,Morgan count fingeprint feature 799 with radius 3 and 2048 bits
feat_0800,integer,high,Morgan count fingeprint feature 800 with radius 3 and 2048 bits
feat_0801,integer,high,Morgan count fingeprint feature 801 with radius 3 and 2048 bits
feat_0802,integer,high,Morgan count fingeprint feature 802 with radius 3 and 2048 bits
feat_0803,integer,high,Morgan count fingeprint feature 803 with radius 3 and 2048 bits
feat_0804,integer,high,Morgan count fingeprint feature 804 with radius 3 and 2048 bits
feat_0805,integer,high,Morgan count fingeprint feature 805 with radius 3 and 2048 bits
feat_0806,integer,high,Morgan count fingeprint feature 806 with radius 3 and 2048 bits
feat_0807,integer,high,Morgan count fingeprint feature 807 with radius 3 and 2048 bits
feat_0808,integer,high,Morgan count fingeprint feature 808 with radius 3 and 2048 bits
feat_0809,integer,high,Morgan count fingeprint feature 809 with radius 3 and 2048 bits
feat_0810,integer,high,Morgan count fingeprint feature 810 with radius 3 and 2048 bits
feat_0811,integer,high,Morgan count fingeprint feature 811 with radius 3 and 2048 bits
feat_0812,integer,high,Morgan count fingeprint feature 812 with radius 3 and 2048 bits
feat_0813,integer,high,Morgan count fingeprint feature 813 with radius 3 and 2048 bits
feat_0814,integer,high,Morgan count fingeprint feature 814 with radius 3 and 2048 bits
feat_0815,integer,high,Morgan count fingeprint feature 815 with radius 3 and 2048 bits
feat_0816,integer,high,Morgan count fingeprint feature 816 with radius 3 and 2048 bits
feat_0817,integer,high,Morgan count fingeprint feature 817 with radius 3 and 2048 bits
feat_0818,integer,high,Morgan count fingeprint feature 818 with radius 3 and 2048 bits
feat_0819,integer,high,Morgan count fingeprint feature 819 with radius 3 and 2048 bits
feat_0820,integer,high,Morgan count fingeprint feature 820 with radius 3 and 2048 bits
feat_0821,integer,high,Morgan count fingeprint feature 821 with radius 3 and 2048 bits
feat_0822,integer,high,Morgan count fingeprint feature 822 with radius 3 and 2048 bits
feat_0823,integer,high,Morgan count fingeprint feature 823 with radius 3 and 2048 bits
feat_0824,integer,high,Morgan count fingeprint feature 824 with radius 3 and 2048 bits
feat_0825,integer,high,Morgan count fingeprint feature 825 with radius 3 and 2048 bits
feat_0826,integer,high,Morgan count fingeprint feature 826 with radius 3 and 2048 bits
feat_0827,integer,high,Morgan count fingeprint feature 827 with radius 3 and 2048 bits
feat_0828,integer,high,Morgan count fingeprint feature 828 with radius 3 and 2048 bits
feat_0829,integer,high,Morgan count fingeprint feature 829 with radius 3 and 2048 bits
feat_0830,integer,high,Morgan count fingeprint feature 830 with radius 3 and 2048 bits
feat_0831,integer,high,Morgan count fingeprint feature 831 with radius 3 and 2048 bits
feat_0832,integer,high,Morgan count fingeprint feature 832 with radius 3 and 2048 bits
feat_0833,integer,high,Morgan count fingeprint feature 833 with radius 3 and 2048 bits
feat_0834,integer,high,Morgan count fingeprint feature 834 with radius 3 and 2048 bits
feat_0835,integer,high,Morgan count fingeprint feature 835 with radius 3 and 2048 bits
feat_0836,integer,high,Morgan count fingeprint feature 836 with radius 3 and 2048 bits
feat_0837,integer,high,Morgan count fingeprint feature 837 with radius 3 and 2048 bits
feat_0838,integer,high,Morgan count fingeprint feature 838 with radius 3 and 2048 bits
feat_0839,integer,high,Morgan count fingeprint feature 839 with radius 3 and 2048 bits
feat_0840,integer,high,Morgan count fingeprint feature 840 with radius 3 and 2048 bits
feat_0841,integer,high,Morgan count fingeprint feature 841 with radius 3 and 2048 bits
feat_0842,integer,high,Morgan count fingeprint feature 842 with radius 3 and 2048 bits
feat_0843,integer,high,Morgan count fingeprint feature 843 with radius 3 and 2048 bits
feat_0844,integer,high,Morgan count fingeprint feature 844 with radius 3 and 2048 bits
feat_0845,integer,high,Morgan count fingeprint feature 845 with radius 3 and 2048 bits
feat_0846,integer,high,Morgan count fingeprint feature 846 with radius 3 and 2048 bits
feat_0847,integer,high,Morgan count fingeprint feature 847 with radius 3 and 2048 bits
feat_0848,integer,high,Morgan count fingeprint feature 848 with radius 3 and 2048 bits
feat_0849,integer,high,Morgan count fingeprint feature 849 with radius 3 and 2048 bits
feat_0850,integer,high,Morgan count fingeprint feature 850 with radius 3 and 2048 bits
feat_0851,integer,high,Morgan count fingeprint feature 851 with radius 3 and 2048 bits
feat_0852,integer,high,Morgan count fingeprint feature 852 with radius 3 and 2048 bits
feat_0853,integer,high,Morgan count fingeprint feature 853 with radius 3 and 2048 bits
feat_0854,integer,high,Morgan count fingeprint feature 854 with radius 3 and 2048 bits
feat_0855,integer,high,Morgan count fingeprint feature 855 with radius 3 and 2048 bits
feat_0856,integer,high,Morgan count fingeprint feature 856 with radius 3 and 2048 bits
feat_0857,integer,high,Morgan count fingeprint feature 857 with radius 3 and 2048 bits
feat_0858,integer,high,Morgan count fingeprint feature 858 with radius 3 and 2048 bits
feat_0859,integer,high,Morgan count fingeprint feature 859 with radius 3 and 2048 bits
feat_0860,integer,high,Morgan count fingeprint feature 860 with radius 3 and 2048 bits
feat_0861,integer,high,Morgan count fingeprint feature 861 with radius 3 and 2048 bits
feat_0862,integer,high,Morgan count fingeprint feature 862 with radius 3 and 2048 bits
feat_0863,integer,high,Morgan count fingeprint feature 863 with radius 3 and 2048 bits
feat_0864,integer,high,Morgan count fingeprint feature 864 with radius 3 and 2048 bits
feat_0865,integer,high,Morgan count fingeprint feature 865 with radius 3 and 2048 bits
feat_0866,integer,high,Morgan count fingeprint feature 866 with radius 3 and 2048 bits
feat_0867,integer,high,Morgan count fingeprint feature 867 with radius 3 and 2048 bits
feat_0868,integer,high,Morgan count fingeprint feature 868 with radius 3 and 2048 bits
feat_0869,integer,high,Morgan count fingeprint feature 869 with radius 3 and 2048 bits
feat_0870,integer,high,Morgan count fingeprint feature 870 with radius 3 and 2048 bits
feat_0871,integer,high,Morgan count fingeprint feature 871 with radius 3 and 2048 bits
feat_0872,integer,high,Morgan count fingeprint feature 872 with radius 3 and 2048 bits
feat_0873,integer,high,Morgan count fingeprint feature 873 with radius 3 and 2048 bits
feat_0874,integer,high,Morgan count fingeprint feature 874 with radius 3 and 2048 bits
feat_0875,integer,high,Morgan count fingeprint feature 875 with radius 3 and 2048 bits
feat_0876,integer,high,Morgan count fingeprint feature 876 with radius 3 and 2048 bits
feat_0877,integer,high,Morgan count fingeprint feature 877 with radius 3 and 2048 bits
feat_0878,integer,high,Morgan count fingeprint feature 878 with radius 3 and 2048 bits
feat_0879,integer,high,Morgan count fingeprint feature 879 with radius 3 and 2048 bits
feat_0880,integer,high,Morgan count fingeprint feature 880 with radius 3 and 2048 bits
feat_0881,integer,high,Morgan count fingeprint feature 881 with radius 3 and 2048 bits
feat_0882,integer,high,Morgan count fingeprint feature 882 with radius 3 and 2048 bits
feat_0883,integer,high,Morgan count fingeprint feature 883 with radius 3 and 2048 bits
feat_0884,integer,high,Morgan count fingeprint feature 884 with radius 3 and 2048 bits
feat_0885,integer,high,Morgan count fingeprint feature 885 with radius 3 and 2048 bits
feat_0886,integer,high,Morgan count fingeprint feature 886 with radius 3 and 2048 bits
feat_0887,integer,high,Morgan count fingeprint feature 887 with radius 3 and 2048 bits
feat_0888,integer,high,Morgan count fingeprint feature 888 with radius 3 and 2048 bits
feat_0889,integer,high,Morgan count fingeprint feature 889 with radius 3 and 2048 bits
feat_0890,integer,high,Morgan count fingeprint feature 890 with radius 3 and 2048 bits
feat_0891,integer,high,Morgan count fingeprint feature 891 with radius 3 and 2048 bits
feat_0892,integer,high,Morgan count fingeprint feature 892 with radius 3 and 2048 bits
feat_0893,integer,high,Morgan count fingeprint feature 893 with radius 3 and 2048 bits
feat_0894,integer,high,Morgan count fingeprint feature 894 with radius 3 and 2048 bits
feat_0895,integer,high,Morgan count fingeprint feature 895 with radius 3 and 2048 bits
feat_0896,integer,high,Morgan count fingeprint feature 896 with radius 3 and 2048 bits
feat_0897,integer,high,Morgan count fingeprint feature 897 with radius 3 and 2048 bits
feat_0898,integer,high,Morgan count fingeprint feature 898 with radius 3 and 2048 bits
feat_0899,integer,high,Morgan count fingeprint feature 899 with radius 3 and 2048 bits
feat_0900,integer,high,Morgan count fingeprint feature 900 with radius 3 and 2048 bits
feat_0901,integer,high,Morgan count fingeprint feature 901 with radius 3 and 2048 bits
feat_0902,integer,high,Morgan count fingeprint feature 902 with radius 3 and 2048 bits
feat_0903,integer,high,Morgan count fingeprint feature 903 with radius 3 and 2048 bits
feat_0904,integer,high,Morgan count fingeprint feature 904 with radius 3 and 2048 bits
feat_0905,integer,high,Morgan count fingeprint feature 905 with radius 3 and 2048 bits
feat_0906,integer,high,Morgan count fingeprint feature 906 with radius 3 and 2048 bits
feat_0907,integer,high,Morgan count fingeprint feature 907 with radius 3 and 2048 bits
feat_0908,integer,high,Morgan count fingeprint feature 908 with radius 3 and 2048 bits
feat_0909,integer,high,Morgan count fingeprint feature 909 with radius 3 and 2048 bits
feat_0910,integer,high,Morgan count fingeprint feature 910 with radius 3 and 2048 bits
feat_0911,integer,high,Morgan count fingeprint feature 911 with radius 3 and 2048 bits
feat_0912,integer,high,Morgan count fingeprint feature 912 with radius 3 and 2048 bits
feat_0913,integer,high,Morgan count fingeprint feature 913 with radius 3 and 2048 bits
feat_0914,integer,high,Morgan count fingeprint feature 914 with radius 3 and 2048 bits
feat_0915,integer,high,Morgan count fingeprint feature 915 with radius 3 and 2048 bits
feat_0916,integer,high,Morgan count fingeprint feature 916 with radius 3 and 2048 bits
feat_0917,integer,high,Morgan count fingeprint feature 917 with radius 3 and 2048 bits
feat_0918,integer,high,Morgan count fingeprint feature 918 with radius 3 and 2048 bits
feat_0919,integer,high,Morgan count fingeprint feature 919 with radius 3 and 2048 bits
feat_0920,integer,high,Morgan count fingeprint feature 920 with radius 3 and 2048 bits
feat_0921,integer,high,Morgan count fingeprint feature 921 with radius 3 and 2048 bits
feat_0922,integer,high,Morgan count fingeprint feature 922 with radius 3 and 2048 bits
feat_0923,integer,high,Morgan count fingeprint feature 923 with radius 3 and 2048 bits
feat_0924,integer,high,Morgan count fingeprint feature 924 with radius 3 and 2048 bits
feat_0925,integer,high,Morgan count fingeprint feature 925 with radius 3 and 2048 bits
feat_0926,integer,high,Morgan count fingeprint feature 926 with radius 3 and 2048 bits
feat_0927,integer,high,Morgan count fingeprint feature 927 with radius 3 and 2048 bits
feat_0928,integer,high,Morgan count fingeprint feature 928 with radius 3 and 2048 bits
feat_0929,integer,high,Morgan count fingeprint feature 929 with radius 3 and 2048 bits
feat_0930,integer,high,Morgan count fingeprint feature 930 with radius 3 and 2048 bits
feat_0931,integer,high,Morgan count fingeprint feature 931 with radius 3 and 2048 bits
feat_0932,integer,high,Morgan count fingeprint feature 932 with radius 3 and 2048 bits
feat_0933,integer,high,Morgan count fingeprint feature 933 with radius 3 and 2048 bits
feat_0934,integer,high,Morgan count fingeprint feature 934 with radius 3 and 2048 bits
feat_0935,integer,high,Morgan count fingeprint feature 935 with radius 3 and 2048 bits
feat_0936,integer,high,Morgan count fingeprint feature 936 with radius 3 and 2048 bits
feat_0937,integer,high,Morgan count fingeprint feature 937 with radius 3 and 2048 bits
feat_0938,integer,high,Morgan count fingeprint feature 938 with radius 3 and 2048 bits
feat_0939,integer,high,Morgan count fingeprint feature 939 with radius 3 and 2048 bits
feat_0940,integer,high,Morgan count fingeprint feature 940 with radius 3 and 2048 bits
feat_0941,integer,high,Morgan count fingeprint feature 941 with radius 3 and 2048 bits
feat_0942,integer,high,Morgan count fingeprint feature 942 with radius 3 and 2048 bits
feat_0943,integer,high,Morgan count fingeprint feature 943 with radius 3 and 2048 bits
feat_0944,integer,high,Morgan count fingeprint feature 944 with radius 3 and 2048 bits
feat_0945,integer,high,Morgan count fingeprint feature 945 with radius 3 and 2048 bits
feat_0946,integer,high,Morgan count fingeprint feature 946 with radius 3 and 2048 bits
feat_0947,integer,high,Morgan count fingeprint feature 947 with radius 3 and 2048 bits
feat_0948,integer,high,Morgan count fingeprint feature 948 with radius 3 and 2048 bits
feat_0949,integer,high,Morgan count fingeprint feature 949 with radius 3 and 2048 bits
feat_0950,integer,high,Morgan count fingeprint feature 950 with radius 3 and 2048 bits
feat_0951,integer,high,Morgan count fingeprint feature 951 with radius 3 and 2048 bits
feat_0952,integer,high,Morgan count fingeprint feature 952 with radius 3 and 2048 bits
feat_0953,integer,high,Morgan count fingeprint feature 953 with radius 3 and 2048 bits
feat_0954,integer,high,Morgan count fingeprint feature 954 with radius 3 and 2048 bits
feat_0955,integer,high,Morgan count fingeprint feature 955 with radius 3 and 2048 bits
feat_0956,integer,high,Morgan count fingeprint feature 956 with radius 3 and 2048 bits
feat_0957,integer,high,Morgan count fingeprint feature 957 with radius 3 and 2048 bits
feat_0958,integer,high,Morgan count fingeprint feature 958 with radius 3 and 2048 bits
feat_0959,integer,high,Morgan count fingeprint feature 959 with radius 3 and 2048 bits
feat_0960,integer,high,Morgan count fingeprint feature 960 with radius 3 and 2048 bits
feat_0961,integer,high,Morgan count fingeprint feature 961 with radius 3 and 2048 bits
feat_0962,integer,high,Morgan count fingeprint feature 962 with radius 3 and 2048 bits
feat_0963,integer,high,Morgan count fingeprint feature 963 with radius 3 and 2048 bits
feat_0964,integer,high,Morgan count fingeprint feature 964 with radius 3 and 2048 bits
feat_0965,integer,high,Morgan count fingeprint feature 965 with radius 3 and 2048 bits
feat_0966,integer,high,Morgan count fingeprint feature 966 with radius 3 and 2048 bits
feat_0967,integer,high,Morgan count fingeprint feature 967 with radius 3 and 2048 bits
feat_0968,integer,high,Morgan count fingeprint feature 968 with radius 3 and 2048 bits
feat_0969,integer,high,Morgan count fingeprint feature 969 with radius 3 and 2048 bits
feat_0970,integer,high,Morgan count fingeprint feature 970 with radius 3 and 2048 bits
feat_0971,integer,high,Morgan count fingeprint feature 971 with radius 3 and 2048 bits
feat_0972,integer,high,Morgan count fingeprint feature 972 with radius 3 and 2048 bits
feat_0973,integer,high,Morgan count fingeprint feature 973 with radius 3 and 2048 bits
feat_0974,integer,high,Morgan count fingeprint feature 974 with radius 3 and 2048 bits
feat_0975,integer,high,Morgan count fingeprint feature 975 with radius 3 and 2048 bits
feat_0976,integer,high,Morgan count fingeprint feature 976 with radius 3 and 2048 bits
feat_0977,integer,high,Morgan count fingeprint feature 977 with radius 3 and 2048 bits
feat_0978,integer,high,Morgan count fingeprint feature 978 with radius 3 and 2048 bits
feat_0979,integer,high,Morgan count fingeprint feature 979 with radius 3 and 2048 bits
feat_0980,integer,high,Morgan count fingeprint feature 980 with radius 3 and 2048 bits
feat_0981,integer,high,Morgan count fingeprint feature 981 with radius 3 and 2048 bits
feat_0982,integer,high,Morgan count fingeprint feature 982 with radius 3 and 2048 bits
feat_0983,integer,high,Morgan count fingeprint feature 983 with radius 3 and 2048 bits
feat_0984,integer,high,Morgan count fingeprint feature 984 with radius 3 and 2048 bits
feat_0985,integer,high,Morgan count fingeprint feature 985 with radius 3 and 2048 bits
feat_0986,integer,high,Morgan count fingeprint feature 986 with radius 3 and 2048 bits
feat_0987,integer,high,Morgan count fingeprint feature 987 with radius 3 and 2048 bits
feat_0988,integer,high,Morgan count fingeprint feature 988 with radius 3 and 2048 bits
feat_0989,integer,high,Morgan count fingeprint feature 989 with radius 3 and 2048 bits
feat_0990,integer,high,Morgan count fingeprint feature 990 with radius 3 and 2048 bits
feat_0991,integer,high,Morgan count fingeprint feature 991 with radius 3 and 2048 bits
feat_0992,integer,high,Morgan count fingeprint feature 992 with radius 3 and 2048 bits
feat_0993,integer,high,Morgan count fingeprint feature 993 with radius 3 and 2048 bits
feat_0994,integer,high,Morgan count fingeprint feature 994 with radius 3 and 2048 bits
feat_0995,integer,high,Morgan count fingeprint feature 995 with radius 3 and 2048 bits
feat_0996,integer,high,Morgan count fingeprint feature 996 with radius 3 and 2048 bits
feat_0997,integer,high,Morgan count fingeprint feature 997 with radius 3 and 2048 bits
feat_0998,integer,high,Morgan count fingeprint feature 998 with radius 3 and 2048 bits
feat_0999,integer,high,Morgan count fingeprint feature 999 with radius 3 and 2048 bits
feat_1000,integer,high,Morgan count fingeprint feature 1000 with radius 3 and 2048 bits
feat_1001,integer,high,Morgan count fingeprint feature 1001 with radius 3 and 2048 bits
feat_1002,integer,high,Morgan count fingeprint feature 1002 with radius 3 and 2048 bits
feat_1003,integer,high,Morgan count fingeprint feature 1003 with radius 3 and 2048 bits
feat_1004,integer,high,Morgan count fingeprint feature 1004 with radius 3 and 2048 bits
feat_1005,integer,high,Morgan count fingeprint feature 1005 with radius 3 and 2048 bits
feat_1006,integer,high,Morgan count fingeprint feature 1006 with radius 3 and 2048 bits
feat_1007,integer,high,Morgan count fingeprint feature 1007 with radius 3 and 2048 bits
feat_1008,integer,high,Morgan count fingeprint feature 1008 with radius 3 and 2048 bits
feat_1009,integer,high,Morgan count fingeprint feature 1009 with radius 3 and 2048 bits
feat_1010,integer,high,Morgan count fingeprint feature 1010 with radius 3 and 2048 bits
feat_1011,integer,high,Morgan count fingeprint feature 1011 with radius 3 and 2048 bits
feat_1012,integer,high,Morgan count fingeprint feature 1012 with radius 3 and 2048 bits
feat_1013,integer,high,Morgan count fingeprint feature 1013 with radius 3 and 2048 bits
feat_1014,integer,high,Morgan count fingeprint feature 1014 with radius 3 and 2048 bits
feat_1015,integer,high,Morgan count fingeprint feature 1015 with radius 3 and 2048 bits
feat_1016,integer,high,Morgan count fingeprint feature 1016 with radius 3 and 2048 bits
feat_1017,integer,high,Morgan count fingeprint feature 1017 with radius 3 and 2048 bits
feat_1018,integer,high,Morgan count fingeprint feature 1018 with radius 3 and 2048 bits
feat_1019,integer,high,Morgan count fingeprint feature 1019 with radius 3 and 2048 bits
feat_1020,integer,high,Morgan count fingeprint feature 1020 with radius 3 and 2048 bits
feat_1021,integer,high,Morgan count fingeprint feature 1021 with radius 3 and 2048 bits
feat_1022,integer,high,Morgan count fingeprint feature 1022 with radius 3 and 2048 bits
feat_1023,integer,high,Morgan count fingeprint feature 1023 with radius 3 and 2048 bits
feat_1024,integer,high,Morgan count fingeprint feature 1024 with radius 3 and 2048 bits
feat_1025,integer,high,Morgan count fingeprint feature 1025 with radius 3 and 2048 bits
feat_1026,integer,high,Morgan count fingeprint feature 1026 with radius 3 and 2048 bits
feat_1027,integer,high,Morgan count fingeprint feature 1027 with radius 3 and 2048 bits
feat_1028,integer,high,Morgan count fingeprint feature 1028 with radius 3 and 2048 bits
feat_1029,integer,high,Morgan count fingeprint feature 1029 with radius 3 and 2048 bits
feat_1030,integer,high,Morgan count fingeprint feature 1030 with radius 3 and 2048 bits
feat_1031,integer,high,Morgan count fingeprint feature 1031 with radius 3 and 2048 bits
feat_1032,integer,high,Morgan count fingeprint feature 1032 with radius 3 and 2048 bits
feat_1033,integer,high,Morgan count fingeprint feature 1033 with radius 3 and 2048 bits
feat_1034,integer,high,Morgan count fingeprint feature 1034 with radius 3 and 2048 bits
feat_1035,integer,high,Morgan count fingeprint feature 1035 with radius 3 and 2048 bits
feat_1036,integer,high,Morgan count fingeprint feature 1036 with radius 3 and 2048 bits
feat_1037,integer,high,Morgan count fingeprint feature 1037 with radius 3 and 2048 bits
feat_1038,integer,high,Morgan count fingeprint feature 1038 with radius 3 and 2048 bits
feat_1039,integer,high,Morgan count fingeprint feature 1039 with radius 3 and 2048 bits
feat_1040,integer,high,Morgan count fingeprint feature 1040 with radius 3 and 2048 bits
feat_1041,integer,high,Morgan count fingeprint feature 1041 with radius 3 and 2048 bits
feat_1042,integer,high,Morgan count fingeprint feature 1042 with radius 3 and 2048 bits
feat_1043,integer,high,Morgan count fingeprint feature 1043 with radius 3 and 2048 bits
feat_1044,integer,high,Morgan count fingeprint feature 1044 with radius 3 and 2048 bits
feat_1045,integer,high,Morgan count fingeprint feature 1045 with radius 3 and 2048 bits
feat_1046,integer,high,Morgan count fingeprint feature 1046 with radius 3 and 2048 bits
feat_1047,integer,high,Morgan count fingeprint feature 1047 with radius 3 and 2048 bits
feat_1048,integer,high,Morgan count fingeprint feature 1048 with radius 3 and 2048 bits
feat_1049,integer,high,Morgan count fingeprint feature 1049 with radius 3 and 2048 bits
feat_1050,integer,high,Morgan count fingeprint feature 1050 with radius 3 and 2048 bits
feat_1051,integer,high,Morgan count fingeprint feature 1051 with radius 3 and 2048 bits
feat_1052,integer,high,Morgan count fingeprint feature 1052 with radius 3 and 2048 bits
feat_1053,integer,high,Morgan count fingeprint feature 1053 with radius 3 and 2048 bits
feat_1054,integer,high,Morgan count fingeprint feature 1054 with radius 3 and 2048 bits
feat_1055,integer,high,Morgan count fingeprint feature 1055 with radius 3 and 2048 bits
feat_1056,integer,high,Morgan count fingeprint feature 1056 with radius 3 and 2048 bits
feat_1057,integer,high,Morgan count fingeprint feature 1057 with radius 3 and 2048 bits
feat_1058,integer,high,Morgan count fingeprint feature 1058 with radius 3 and 2048 bits
feat_1059,integer,high,Morgan count fingeprint feature 1059 with radius 3 and 2048 bits
feat_1060,integer,high,Morgan count fingeprint feature 1060 with radius 3 and 2048 bits
feat_1061,integer,high,Morgan count fingeprint feature 1061 with radius 3 and 2048 bits
feat_1062,integer,high,Morgan count fingeprint feature 1062 with radius 3 and 2048 bits
feat_1063,integer,high,Morgan count fingeprint feature 1063 with radius 3 and 2048 bits
feat_1064,integer,high,Morgan count fingeprint feature 1064 with radius 3 and 2048 bits
feat_1065,integer,high,Morgan count fingeprint feature 1065 with radius 3 and 2048 bits
feat_1066,integer,high,Morgan count fingeprint feature 1066 with radius 3 and 2048 bits
feat_1067,integer,high,Morgan count fingeprint feature 1067 with radius 3 and 2048 bits
feat_1068,integer,high,Morgan count fingeprint feature 1068 with radius 3 and 2048 bits
feat_1069,integer,high,Morgan count fingeprint feature 1069 with radius 3 and 2048 bits
feat_1070,integer,high,Morgan count fingeprint feature 1070 with radius 3 and 2048 bits
feat_1071,integer,high,Morgan count fingeprint feature 1071 with radius 3 and 2048 bits
feat_1072,integer,high,Morgan count fingeprint feature 1072 with radius 3 and 2048 bits
feat_1073,integer,high,Morgan count fingeprint feature 1073 with radius 3 and 2048 bits
feat_1074,integer,high,Morgan count fingeprint feature 1074 with radius 3 and 2048 bits
feat_1075,integer,high,Morgan count fingeprint feature 1075 with radius 3 and 2048 bits
feat_1076,integer,high,Morgan count fingeprint feature 1076 with radius 3 and 2048 bits
feat_1077,integer,high,Morgan count fingeprint feature 1077 with radius 3 and 2048 bits
feat_1078,integer,high,Morgan count fingeprint feature 1078 with radius 3 and 2048 bits
feat_1079,integer,high,Morgan count fingeprint feature 1079 with radius 3 and 2048 bits
feat_1080,integer,high,Morgan count fingeprint feature 1080 with radius 3 and 2048 bits
feat_1081,integer,high,Morgan count fingeprint feature 1081 with radius 3 and 2048 bits
feat_1082,integer,high,Morgan count fingeprint feature 1082 with radius 3 and 2048 bits
feat_1083,integer,high,Morgan count fingeprint feature 1083 with radius 3 and 2048 bits
feat_1084,integer,high,Morgan count fingeprint feature 1084 with radius 3 and 2048 bits
feat_1085,integer,high,Morgan count fingeprint feature 1085 with radius 3 and 2048 bits
feat_1086,integer,high,Morgan count fingeprint feature 1086 with radius 3 and 2048 bits
feat_1087,integer,high,Morgan count fingeprint feature 1087 with radius 3 and 2048 bits
feat_1088,integer,high,Morgan count fingeprint feature 1088 with radius 3 and 2048 bits
feat_1089,integer,high,Morgan count fingeprint feature 1089 with radius 3 and 2048 bits
feat_1090,integer,high,Morgan count fingeprint feature 1090 with radius 3 and 2048 bits
feat_1091,integer,high,Morgan count fingeprint feature 1091 with radius 3 and 2048 bits
feat_1092,integer,high,Morgan count fingeprint feature 1092 with radius 3 and 2048 bits
feat_1093,integer,high,Morgan count fingeprint feature 1093 with radius 3 and 2048 bits
feat_1094,integer,high,Morgan count fingeprint feature 1094 with radius 3 and 2048 bits
feat_1095,integer,high,Morgan count fingeprint feature 1095 with radius 3 and 2048 bits
feat_1096,integer,high,Morgan count fingeprint feature 1096 with radius 3 and 2048 bits
feat_1097,integer,high,Morgan count fingeprint feature 1097 with radius 3 and 2048 bits
feat_1098,integer,high,Morgan count fingeprint feature 1098 with radius 3 and 2048 bits
feat_1099,integer,high,Morgan count fingeprint feature 1099 with radius 3 and 2048 bits
feat_1100,integer,high,Morgan count fingeprint feature 1100 with radius 3 and 2048 bits
feat_1101,integer,high,Morgan count fingeprint feature 1101 with radius 3 and 2048 bits
feat_1102,integer,high,Morgan count fingeprint feature 1102 with radius 3 and 2048 bits
feat_1103,integer,high,Morgan count fingeprint feature 1103 with radius 3 and 2048 bits
feat_1104,integer,high,Morgan count fingeprint feature 1104 with radius 3 and 2048 bits
feat_1105,integer,high,Morgan count fingeprint feature 1105 with radius 3 and 2048 bits
feat_1106,integer,high,Morgan count fingeprint feature 1106 with radius 3 and 2048 bits
feat_1107,integer,high,Morgan count fingeprint feature 1107 with radius 3 and 2048 bits
feat_1108,integer,high,Morgan count fingeprint feature 1108 with radius 3 and 2048 bits
feat_1109,integer,high,Morgan count fingeprint feature 1109 with radius 3 and 2048 bits
feat_1110,integer,high,Morgan count fingeprint feature 1110 with radius 3 and 2048 bits
feat_1111,integer,high,Morgan count fingeprint feature 1111 with radius 3 and 2048 bits
feat_1112,integer,high,Morgan count fingeprint feature 1112 with radius 3 and 2048 bits
feat_1113,integer,high,Morgan count fingeprint feature 1113 with radius 3 and 2048 bits
feat_1114,integer,high,Morgan count fingeprint feature 1114 with radius 3 and 2048 bits
feat_1115,integer,high,Morgan count fingeprint feature 1115 with radius 3 and 2048 bits
feat_1116,integer,high,Morgan count fingeprint feature 1116 with radius 3 and 2048 bits
feat_1117,integer,high,Morgan count fingeprint feature 1117 with radius 3 and 2048 bits
feat_1118,integer,high,Morgan count fingeprint feature 1118 with radius 3 and 2048 bits
feat_1119,integer,high,Morgan count fingeprint feature 1119 with radius 3 and 2048 bits
feat_1120,integer,high,Morgan count fingeprint feature 1120 with radius 3 and 2048 bits
feat_1121,integer,high,Morgan count fingeprint feature 1121 with radius 3 and 2048 bits
feat_1122,integer,high,Morgan count fingeprint feature 1122 with radius 3 and 2048 bits
feat_1123,integer,high,Morgan count fingeprint feature 1123 with radius 3 and 2048 bits
feat_1124,integer,high,Morgan count fingeprint feature 1124 with radius 3 and 2048 bits
feat_1125,integer,high,Morgan count fingeprint feature 1125 with radius 3 and 2048 bits
feat_1126,integer,high,Morgan count fingeprint feature 1126 with radius 3 and 2048 bits
feat_1127,integer,high,Morgan count fingeprint feature 1127 with radius 3 and 2048 bits
feat_1128,integer,high,Morgan count fingeprint feature 1128 with radius 3 and 2048 bits
feat_1129,integer,high,Morgan count fingeprint feature 1129 with radius 3 and 2048 bits
feat_1130,integer,high,Morgan count fingeprint feature 1130 with radius 3 and 2048 bits
feat_1131,integer,high,Morgan count fingeprint feature 1131 with radius 3 and 2048 bits
feat_1132,integer,high,Morgan count fingeprint feature 1132 with radius 3 and 2048 bits
feat_1133,integer,high,Morgan count fingeprint feature 1133 with radius 3 and 2048 bits
feat_1134,integer,high,Morgan count fingeprint feature 1134 with radius 3 and 2048 bits
feat_1135,integer,high,Morgan count fingeprint feature 1135 with radius 3 and 2048 bits
feat_1136,integer,high,Morgan count fingeprint feature 1136 with radius 3 and 2048 bits
feat_1137,integer,high,Morgan count fingeprint feature 1137 with radius 3 and 2048 bits
feat_1138,integer,high,Morgan count fingeprint feature 1138 with radius 3 and 2048 bits
feat_1139,integer,high,Morgan count fingeprint feature 1139 with radius 3 and 2048 bits
feat_1140,integer,high,Morgan count fingeprint feature 1140 with radius 3 and 2048 bits
feat_1141,integer,high,Morgan count fingeprint feature 1141 with radius 3 and 2048 bits
feat_1142,integer,high,Morgan count fingeprint feature 1142 with radius 3 and 2048 bits
feat_1143,integer,high,Morgan count fingeprint feature 1143 with radius 3 and 2048 bits
feat_1144,integer,high,Morgan count fingeprint feature 1144 with radius 3 and 2048 bits
feat_1145,integer,high,Morgan count fingeprint feature 1145 with radius 3 and 2048 bits
feat_1146,integer,high,Morgan count fingeprint feature 1146 with radius 3 and 2048 bits
feat_1147,integer,high,Morgan count fingeprint feature 1147 with radius 3 and 2048 bits
feat_1148,integer,high,Morgan count fingeprint feature 1148 with radius 3 and 2048 bits
feat_1149,integer,high,Morgan count fingeprint feature 1149 with radius 3 and 2048 bits
feat_1150,integer,high,Morgan count fingeprint feature 1150 with radius 3 and 2048 bits
feat_1151,integer,high,Morgan count fingeprint feature 1151 with radius 3 and 2048 bits
feat_1152,integer,high,Morgan count fingeprint feature 1152 with radius 3 and 2048 bits
feat_1153,integer,high,Morgan count fingeprint feature 1153 with radius 3 and 2048 bits
feat_1154,integer,high,Morgan count fingeprint feature 1154 with radius 3 and 2048 bits
feat_1155,integer,high,Morgan count fingeprint feature 1155 with radius 3 and 2048 bits
feat_1156,integer,high,Morgan count fingeprint feature 1156 with radius 3 and 2048 bits
feat_1157,integer,high,Morgan count fingeprint feature 1157 with radius 3 and 2048 bits
feat_1158,integer,high,Morgan count fingeprint feature 1158 with radius 3 and 2048 bits
feat_1159,integer,high,Morgan count fingeprint feature 1159 with radius 3 and 2048 bits
feat_1160,integer,high,Morgan count fingeprint feature 1160 with radius 3 and 2048 bits
feat_1161,integer,high,Morgan count fingeprint feature 1161 with radius 3 and 2048 bits
feat_1162,integer,high,Morgan count fingeprint feature 1162 with radius 3 and 2048 bits
feat_1163,integer,high,Morgan count fingeprint feature 1163 with radius 3 and 2048 bits
feat_1164,integer,high,Morgan count fingeprint feature 1164 with radius 3 and 2048 bits
feat_1165,integer,high,Morgan count fingeprint feature 1165 with radius 3 and 2048 bits
feat_1166,integer,high,Morgan count fingeprint feature 1166 with radius 3 and 2048 bits
feat_1167,integer,high,Morgan count fingeprint feature 1167 with radius 3 and 2048 bits
feat_1168,integer,high,Morgan count fingeprint feature 1168 with radius 3 and 2048 bits
feat_1169,integer,high,Morgan count fingeprint feature 1169 with radius 3 and 2048 bits
feat_1170,integer,high,Morgan count fingeprint feature 1170 with radius 3 and 2048 bits
feat_1171,integer,high,Morgan count fingeprint feature 1171 with radius 3 and 2048 bits
feat_1172,integer,high,Morgan count fingeprint feature 1172 with radius 3 and 2048 bits
feat_1173,integer,high,Morgan count fingeprint feature 1173 with radius 3 and 2048 bits
feat_1174,integer,high,Morgan count fingeprint feature 1174 with radius 3 and 2048 bits
feat_1175,integer,high,Morgan count fingeprint feature 1175 with radius 3 and 2048 bits
feat_1176,integer,high,Morgan count fingeprint feature 1176 with radius 3 and 2048 bits
feat_1177,integer,high,Morgan count fingeprint feature 1177 with radius 3 and 2048 bits
feat_1178,integer,high,Morgan count fingeprint feature 1178 with radius 3 and 2048 bits
feat_1179,integer,high,Morgan count fingeprint feature 1179 with radius 3 and 2048 bits
feat_1180,integer,high,Morgan count fingeprint feature 1180 with radius 3 and 2048 bits
feat_1181,integer,high,Morgan count fingeprint feature 1181 with radius 3 and 2048 bits
feat_1182,integer,high,Morgan count fingeprint feature 1182 with radius 3 and 2048 bits
feat_1183,integer,high,Morgan count fingeprint feature 1183 with radius 3 and 2048 bits
feat_1184,integer,high,Morgan count fingeprint feature 1184 with radius 3 and 2048 bits
feat_1185,integer,high,Morgan count fingeprint feature 1185 with radius 3 and 2048 bits
feat_1186,integer,high,Morgan count fingeprint feature 1186 with radius 3 and 2048 bits
feat_1187,integer,high,Morgan count fingeprint feature 1187 with radius 3 and 2048 bits
feat_1188,integer,high,Morgan count fingeprint feature 1188 with radius 3 and 2048 bits
feat_1189,integer,high,Morgan count fingeprint feature 1189 with radius 3 and 2048 bits
feat_1190,integer,high,Morgan count fingeprint feature 1190 with radius 3 and 2048 bits
feat_1191,integer,high,Morgan count fingeprint feature 1191 with radius 3 and 2048 bits
feat_1192,integer,high,Morgan count fingeprint feature 1192 with radius 3 and 2048 bits
feat_1193,integer,high,Morgan count fingeprint feature 1193 with radius 3 and 2048 bits
feat_1194,integer,high,Morgan count fingeprint feature 1194 with radius 3 and 2048 bits
feat_1195,integer,high,Morgan count fingeprint feature 1195 with radius 3 and 2048 bits
feat_1196,integer,high,Morgan count fingeprint feature 1196 with radius 3 and 2048 bits
feat_1197,integer,high,Morgan count fingeprint feature 1197 with radius 3 and 2048 bits
feat_1198,integer,high,Morgan count fingeprint feature 1198 with radius 3 and 2048 bits
feat_1199,integer,high,Morgan count fingeprint feature 1199 with radius 3 and 2048 bits
feat_1200,integer,high,Morgan count fingeprint feature 1200 with radius 3 and 2048 bits
feat_1201,integer,high,Morgan count fingeprint feature 1201 with radius 3 and 2048 bits
feat_1202,integer,high,Morgan count fingeprint feature 1202 with radius 3 and 2048 bits
feat_1203,integer,high,Morgan count fingeprint feature 1203 with radius 3 and 2048 bits
feat_1204,integer,high,Morgan count fingeprint feature 1204 with radius 3 and 2048 bits
feat_1205,integer,high,Morgan count fingeprint feature 1205 with radius 3 and 2048 bits
feat_1206,integer,high,Morgan count fingeprint feature 1206 with radius 3 and 2048 bits
feat_1207,integer,high,Morgan count fingeprint feature 1207 with radius 3 and 2048 bits
feat_1208,integer,high,Morgan count fingeprint feature 1208 with radius 3 and 2048 bits
feat_1209,integer,high,Morgan count fingeprint feature 1209 with radius 3 and 2048 bits
feat_1210,integer,high,Morgan count fingeprint feature 1210 with radius 3 and 2048 bits
feat_1211,integer,high,Morgan count fingeprint feature 1211 with radius 3 and 2048 bits
feat_1212,integer,high,Morgan count fingeprint feature 1212 with radius 3 and 2048 bits
feat_1213,integer,high,Morgan count fingeprint feature 1213 with radius 3 and 2048 bits
feat_1214,integer,high,Morgan count fingeprint feature 1214 with radius 3 and 2048 bits
feat_1215,integer,high,Morgan count fingeprint feature 1215 with radius 3 and 2048 bits
feat_1216,integer,high,Morgan count fingeprint feature 1216 with radius 3 and 2048 bits
feat_1217,integer,high,Morgan count fingeprint feature 1217 with radius 3 and 2048 bits
feat_1218,integer,high,Morgan count fingeprint feature 1218 with radius 3 and 2048 bits
feat_1219,integer,high,Morgan count fingeprint feature 1219 with radius 3 and 2048 bits
feat_1220,integer,high,Morgan count fingeprint feature 1220 with radius 3 and 2048 bits
feat_1221,integer,high,Morgan count fingeprint feature 1221 with radius 3 and 2048 bits
feat_1222,integer,high,Morgan count fingeprint feature 1222 with radius 3 and 2048 bits
feat_1223,integer,high,Morgan count fingeprint feature 1223 with radius 3 and 2048 bits
feat_1224,integer,high,Morgan count fingeprint feature 1224 with radius 3 and 2048 bits
feat_1225,integer,high,Morgan count fingeprint feature 1225 with radius 3 and 2048 bits
feat_1226,integer,high,Morgan count fingeprint feature 1226 with radius 3 and 2048 bits
feat_1227,integer,high,Morgan count fingeprint feature 1227 with radius 3 and 2048 bits
feat_1228,integer,high,Morgan count fingeprint feature 1228 with radius 3 and 2048 bits
feat_1229,integer,high,Morgan count fingeprint feature 1229 with radius 3 and 2048 bits
feat_1230,integer,high,Morgan count fingeprint feature 1230 with radius 3 and 2048 bits
feat_1231,integer,high,Morgan count fingeprint feature 1231 with radius 3 and 2048 bits
feat_1232,integer,high,Morgan count fingeprint feature 1232 with radius 3 and 2048 bits
feat_1233,integer,high,Morgan count fingeprint feature 1233 with radius 3 and 2048 bits
feat_1234,integer,high,Morgan count fingeprint feature 1234 with radius 3 and 2048 bits
feat_1235,integer,high,Morgan count fingeprint feature 1235 with radius 3 and 2048 bits
feat_1236,integer,high,Morgan count fingeprint feature 1236 with radius 3 and 2048 bits
feat_1237,integer,high,Morgan count fingeprint feature 1237 with radius 3 and 2048 bits
feat_1238,integer,high,Morgan count fingeprint feature 1238 with radius 3 and 2048 bits
feat_1239,integer,high,Morgan count fingeprint feature 1239 with radius 3 and 2048 bits
feat_1240,integer,high,Morgan count fingeprint feature 1240 with radius 3 and 2048 bits
feat_1241,integer,high,Morgan count fingeprint feature 1241 with radius 3 and 2048 bits
feat_1242,integer,high,Morgan count fingeprint feature 1242 with radius 3 and 2048 bits
feat_1243,integer,high,Morgan count fingeprint feature 1243 with radius 3 and 2048 bits
feat_1244,integer,high,Morgan count fingeprint feature 1244 with radius 3 and 2048 bits
feat_1245,integer,high,Morgan count fingeprint feature 1245 with radius 3 and 2048 bits
feat_1246,integer,high,Morgan count fingeprint feature 1246 with radius 3 and 2048 bits
feat_1247,integer,high,Morgan count fingeprint feature 1247 with radius 3 and 2048 bits
feat_1248,integer,high,Morgan count fingeprint feature 1248 with radius 3 and 2048 bits
feat_1249,integer,high,Morgan count fingeprint feature 1249 with radius 3 and 2048 bits
feat_1250,integer,high,Morgan count fingeprint feature 1250 with radius 3 and 2048 bits
feat_1251,integer,high,Morgan count fingeprint feature 1251 with radius 3 and 2048 bits
feat_1252,integer,high,Morgan count fingeprint feature 1252 with radius 3 and 2048 bits
feat_1253,integer,high,Morgan count fingeprint feature 1253 with radius 3 and 2048 bits
feat_1254,integer,high,Morgan count fingeprint feature 1254 with radius 3 and 2048 bits
feat_1255,integer,high,Morgan count fingeprint feature 1255 with radius 3 and 2048 bits
feat_1256,integer,high,Morgan count fingeprint feature 1256 with radius 3 and 2048 bits
feat_1257,integer,high,Morgan count fingeprint feature 1257 with radius 3 and 2048 bits
feat_1258,integer,high,Morgan count fingeprint feature 1258 with radius 3 and 2048 bits
feat_1259,integer,high,Morgan count fingeprint feature 1259 with radius 3 and 2048 bits
feat_1260,integer,high,Morgan count fingeprint feature 1260 with radius 3 and 2048 bits
feat_1261,integer,high,Morgan count fingeprint feature 1261 with radius 3 and 2048 bits
feat_1262,integer,high,Morgan count fingeprint feature 1262 with radius 3 and 2048 bits
feat_1263,integer,high,Morgan count fingeprint feature 1263 with radius 3 and 2048 bits
feat_1264,integer,high,Morgan count fingeprint feature 1264 with radius 3 and 2048 bits
feat_1265,integer,high,Morgan count fingeprint feature 1265 with radius 3 and 2048 bits
feat_1266,integer,high,Morgan count fingeprint feature 1266 with radius 3 and 2048 bits
feat_1267,integer,high,Morgan count fingeprint feature 1267 with radius 3 and 2048 bits
feat_1268,integer,high,Morgan count fingeprint feature 1268 with radius 3 and 2048 bits
feat_1269,integer,high,Morgan count fingeprint feature 1269 with radius 3 and 2048 bits
feat_1270,integer,high,Morgan count fingeprint feature 1270 with radius 3 and 2048 bits
feat_1271,integer,high,Morgan count fingeprint feature 1271 with radius 3 and 2048 bits
feat_1272,integer,high,Morgan count fingeprint feature 1272 with radius 3 and 2048 bits
feat_1273,integer,high,Morgan count fingeprint feature 1273 with radius 3 and 2048 bits
feat_1274,integer,high,Morgan count fingeprint feature 1274 with radius 3 and 2048 bits
feat_1275,integer,high,Morgan count fingeprint feature 1275 with radius 3 and 2048 bits
feat_1276,integer,high,Morgan count fingeprint feature 1276 with radius 3 and 2048 bits
feat_1277,integer,high,Morgan count fingeprint feature 1277 with radius 3 and 2048 bits
feat_1278,integer,high,Morgan count fingeprint feature 1278 with radius 3 and 2048 bits
feat_1279,integer,high,Morgan count fingeprint feature 1279 with radius 3 and 2048 bits
feat_1280,integer,high,Morgan count fingeprint feature 1280 with radius 3 and 2048 bits
feat_1281,integer,high,Morgan count fingeprint feature 1281 with radius 3 and 2048 bits
feat_1282,integer,high,Morgan count fingeprint feature 1282 with radius 3 and 2048 bits
feat_1283,integer,high,Morgan count fingeprint feature 1283 with radius 3 and 2048 bits
feat_1284,integer,high,Morgan count fingeprint feature 1284 with radius 3 and 2048 bits
feat_1285,integer,high,Morgan count fingeprint feature 1285 with radius 3 and 2048 bits
feat_1286,integer,high,Morgan count fingeprint feature 1286 with radius 3 and 2048 bits
feat_1287,integer,high,Morgan count fingeprint feature 1287 with radius 3 and 2048 bits
feat_1288,integer,high,Morgan count fingeprint feature 1288 with radius 3 and 2048 bits
feat_1289,integer,high,Morgan count fingeprint feature 1289 with radius 3 and 2048 bits
feat_1290,integer,high,Morgan count fingeprint feature 1290 with radius 3 and 2048 bits
feat_1291,integer,high,Morgan count fingeprint feature 1291 with radius 3 and 2048 bits
feat_1292,integer,high,Morgan count fingeprint feature 1292 with radius 3 and 2048 bits
feat_1293,integer,high,Morgan count fingeprint feature 1293 with radius 3 and 2048 bits
feat_1294,integer,high,Morgan count fingeprint feature 1294 with radius 3 and 2048 bits
feat_1295,integer,high,Morgan count fingeprint feature 1295 with radius 3 and 2048 bits
feat_1296,integer,high,Morgan count fingeprint feature 1296 with radius 3 and 2048 bits
feat_1297,integer,high,Morgan count fingeprint feature 1297 with radius 3 and 2048 bits
feat_1298,integer,high,Morgan count fingeprint feature 1298 with radius 3 and 2048 bits
feat_1299,integer,high,Morgan count fingeprint feature 1299 with radius 3 and 2048 bits
feat_1300,integer,high,Morgan count fingeprint feature 1300 with radius 3 and 2048 bits
feat_1301,integer,high,Morgan count fingeprint feature 1301 with radius 3 and 2048 bits
feat_1302,integer,high,Morgan count fingeprint feature 1302 with radius 3 and 2048 bits
feat_1303,integer,high,Morgan count fingeprint feature 1303 with radius 3 and 2048 bits
feat_1304,integer,high,Morgan count fingeprint feature 1304 with radius 3 and 2048 bits
feat_1305,integer,high,Morgan count fingeprint feature 1305 with radius 3 and 2048 bits
feat_1306,integer,high,Morgan count fingeprint feature 1306 with radius 3 and 2048 bits
feat_1307,integer,high,Morgan count fingeprint feature 1307 with radius 3 and 2048 bits
feat_1308,integer,high,Morgan count fingeprint feature 1308 with radius 3 and 2048 bits
feat_1309,integer,high,Morgan count fingeprint feature 1309 with radius 3 and 2048 bits
feat_1310,integer,high,Morgan count fingeprint feature 1310 with radius 3 and 2048 bits
feat_1311,integer,high,Morgan count fingeprint feature 1311 with radius 3 and 2048 bits
feat_1312,integer,high,Morgan count fingeprint feature 1312 with radius 3 and 2048 bits
feat_1313,integer,high,Morgan count fingeprint feature 1313 with radius 3 and 2048 bits
feat_1314,integer,high,Morgan count fingeprint feature 1314 with radius 3 and 2048 bits
feat_1315,integer,high,Morgan count fingeprint feature 1315 with radius 3 and 2048 bits
feat_1316,integer,high,Morgan count fingeprint feature 1316 with radius 3 and 2048 bits
feat_1317,integer,high,Morgan count fingeprint feature 1317 with radius 3 and 2048 bits
feat_1318,integer,high,Morgan count fingeprint feature 1318 with radius 3 and 2048 bits
feat_1319,integer,high,Morgan count fingeprint feature 1319 with radius 3 and 2048 bits
feat_1320,integer,high,Morgan count fingeprint feature 1320 with radius 3 and 2048 bits
feat_1321,integer,high,Morgan count fingeprint feature 1321 with radius 3 and 2048 bits
feat_1322,integer,high,Morgan count fingeprint feature 1322 with radius 3 and 2048 bits
feat_1323,integer,high,Morgan count fingeprint feature 1323 with radius 3 and 2048 bits
feat_1324,integer,high,Morgan count fingeprint feature 1324 with radius 3 and 2048 bits
feat_1325,integer,high,Morgan count fingeprint feature 1325 with radius 3 and 2048 bits
feat_1326,integer,high,Morgan count fingeprint feature 1326 with radius 3 and 2048 bits
feat_1327,integer,high,Morgan count fingeprint feature 1327 with radius 3 and 2048 bits
feat_1328,integer,high,Morgan count fingeprint feature 1328 with radius 3 and 2048 bits
feat_1329,integer,high,Morgan count fingeprint feature 1329 with radius 3 and 2048 bits
feat_1330,integer,high,Morgan count fingeprint feature 1330 with radius 3 and 2048 bits
feat_1331,integer,high,Morgan count fingeprint feature 1331 with radius 3 and 2048 bits
feat_1332,integer,high,Morgan count fingeprint feature 1332 with radius 3 and 2048 bits
feat_1333,integer,high,Morgan count fingeprint feature 1333 with radius 3 and 2048 bits
feat_1334,integer,high,Morgan count fingeprint feature 1334 with radius 3 and 2048 bits
feat_1335,integer,high,Morgan count fingeprint feature 1335 with radius 3 and 2048 bits
feat_1336,integer,high,Morgan count fingeprint feature 1336 with radius 3 and 2048 bits
feat_1337,integer,high,Morgan count fingeprint feature 1337 with radius 3 and 2048 bits
feat_1338,integer,high,Morgan count fingeprint feature 1338 with radius 3 and 2048 bits
feat_1339,integer,high,Morgan count fingeprint feature 1339 with radius 3 and 2048 bits
feat_1340,integer,high,Morgan count fingeprint feature 1340 with radius 3 and 2048 bits
feat_1341,integer,high,Morgan count fingeprint feature 1341 with radius 3 and 2048 bits
feat_1342,integer,high,Morgan count fingeprint feature 1342 with radius 3 and 2048 bits
feat_1343,integer,high,Morgan count fingeprint feature 1343 with radius 3 and 2048 bits
feat_1344,integer,high,Morgan count fingeprint feature 1344 with radius 3 and 2048 bits
feat_1345,integer,high,Morgan count fingeprint feature 1345 with radius 3 and 2048 bits
feat_1346,integer,high,Morgan count fingeprint feature 1346 with radius 3 and 2048 bits
feat_1347,integer,high,Morgan count fingeprint feature 1347 with radius 3 and 2048 bits
feat_1348,integer,high,Morgan count fingeprint feature 1348 with radius 3 and 2048 bits
feat_1349,integer,high,Morgan count fingeprint feature 1349 with radius 3 and 2048 bits
feat_1350,integer,high,Morgan count fingeprint feature 1350 with radius 3 and 2048 bits
feat_1351,integer,high,Morgan count fingeprint feature 1351 with radius 3 and 2048 bits
feat_1352,integer,high,Morgan count fingeprint feature 1352 with radius 3 and 2048 bits
feat_1353,integer,high,Morgan count fingeprint feature 1353 with radius 3 and 2048 bits
feat_1354,integer,high,Morgan count fingeprint feature 1354 with radius 3 and 2048 bits
feat_1355,integer,high,Morgan count fingeprint feature 1355 with radius 3 and 2048 bits
feat_1356,integer,high,Morgan count fingeprint feature 1356 with radius 3 and 2048 bits
feat_1357,integer,high,Morgan count fingeprint feature 1357 with radius 3 and 2048 bits
feat_1358,integer,high,Morgan count fingeprint feature 1358 with radius 3 and 2048 bits
feat_1359,integer,high,Morgan count fingeprint feature 1359 with radius 3 and 2048 bits
feat_1360,integer,high,Morgan count fingeprint feature 1360 with radius 3 and 2048 bits
feat_1361,integer,high,Morgan count fingeprint feature 1361 with radius 3 and 2048 bits
feat_1362,integer,high,Morgan count fingeprint feature 1362 with radius 3 and 2048 bits
feat_1363,integer,high,Morgan count fingeprint feature 1363 with radius 3 and 2048 bits
feat_1364,integer,high,Morgan count fingeprint feature 1364 with radius 3 and 2048 bits
feat_1365,integer,high,Morgan count fingeprint feature 1365 with radius 3 and 2048 bits
feat_1366,integer,high,Morgan count fingeprint feature 1366 with radius 3 and 2048 bits
feat_1367,integer,high,Morgan count fingeprint feature 1367 with radius 3 and 2048 bits
feat_1368,integer,high,Morgan count fingeprint feature 1368 with radius 3 and 2048 bits
feat_1369,integer,high,Morgan count fingeprint feature 1369 with radius 3 and 2048 bits
feat_1370,integer,high,Morgan count fingeprint feature 1370 with radius 3 and 2048 bits
feat_1371,integer,high,Morgan count fingeprint feature 1371 with radius 3 and 2048 bits
feat_1372,integer,high,Morgan count fingeprint feature 1372 with radius 3 and 2048 bits
feat_1373,integer,high,Morgan count fingeprint feature 1373 with radius 3 and 2048 bits
feat_1374,integer,high,Morgan count fingeprint feature 1374 with radius 3 and 2048 bits
feat_1375,integer,high,Morgan count fingeprint feature 1375 with radius 3 and 2048 bits
feat_1376,integer,high,Morgan count fingeprint feature 1376 with radius 3 and 2048 bits
feat_1377,integer,high,Morgan count fingeprint feature 1377 with radius 3 and 2048 bits
feat_1378,integer,high,Morgan count fingeprint feature 1378 with radius 3 and 2048 bits
feat_1379,integer,high,Morgan count fingeprint feature 1379 with radius 3 and 2048 bits
feat_1380,integer,high,Morgan count fingeprint feature 1380 with radius 3 and 2048 bits
feat_1381,integer,high,Morgan count fingeprint feature 1381 with radius 3 and 2048 bits
feat_1382,integer,high,Morgan count fingeprint feature 1382 with radius 3 and 2048 bits
feat_1383,integer,high,Morgan count fingeprint feature 1383 with radius 3 and 2048 bits
feat_1384,integer,high,Morgan count fingeprint feature 1384 with radius 3 and 2048 bits
feat_1385,integer,high,Morgan count fingeprint feature 1385 with radius 3 and 2048 bits
feat_1386,integer,high,Morgan count fingeprint feature 1386 with radius 3 and 2048 bits
feat_1387,integer,high,Morgan count fingeprint feature 1387 with radius 3 and 2048 bits
feat_1388,integer,high,Morgan count fingeprint feature 1388 with radius 3 and 2048 bits
feat_1389,integer,high,Morgan count fingeprint feature 1389 with radius 3 and 2048 bits
feat_1390,integer,high,Morgan count fingeprint feature 1390 with radius 3 and 2048 bits
feat_1391,integer,high,Morgan count fingeprint feature 1391 with radius 3 and 2048 bits
feat_1392,integer,high,Morgan count fingeprint feature 1392 with radius 3 and 2048 bits
feat_1393,integer,high,Morgan count fingeprint feature 1393 with radius 3 and 2048 bits
feat_1394,integer,high,Morgan count fingeprint feature 1394 with radius 3 and 2048 bits
feat_1395,integer,high,Morgan count fingeprint feature 1395 with radius 3 and 2048 bits
feat_1396,integer,high,Morgan count fingeprint feature 1396 with radius 3 and 2048 bits
feat_1397,integer,high,Morgan count fingeprint feature 1397 with radius 3 and 2048 bits
feat_1398,integer,high,Morgan count fingeprint feature 1398 with radius 3 and 2048 bits
feat_1399,integer,high,Morgan count fingeprint feature 1399 with radius 3 and 2048 bits
feat_1400,integer,high,Morgan count fingeprint feature 1400 with radius 3 and 2048 bits
feat_1401,integer,high,Morgan count fingeprint feature 1401 with radius 3 and 2048 bits
feat_1402,integer,high,Morgan count fingeprint feature 1402 with radius 3 and 2048 bits
feat_1403,integer,high,Morgan count fingeprint feature 1403 with radius 3 and 2048 bits
feat_1404,integer,high,Morgan count fingeprint feature 1404 with radius 3 and 2048 bits
feat_1405,integer,high,Morgan count fingeprint feature 1405 with radius 3 and 2048 bits
feat_1406,integer,high,Morgan count fingeprint feature 1406 with radius 3 and 2048 bits
feat_1407,integer,high,Morgan count fingeprint feature 1407 with radius 3 and 2048 bits
feat_1408,integer,high,Morgan count fingeprint feature 1408 with radius 3 and 2048 bits
feat_1409,integer,high,Morgan count fingeprint feature 1409 with radius 3 and 2048 bits
feat_1410,integer,high,Morgan count fingeprint feature 1410 with radius 3 and 2048 bits
feat_1411,integer,high,Morgan count fingeprint feature 1411 with radius 3 and 2048 bits
feat_1412,integer,high,Morgan count fingeprint feature 1412 with radius 3 and 2048 bits
feat_1413,integer,high,Morgan count fingeprint feature 1413 with radius 3 and 2048 bits
feat_1414,integer,high,Morgan count fingeprint feature 1414 with radius 3 and 2048 bits
feat_1415,integer,high,Morgan count fingeprint feature 1415 with radius 3 and 2048 bits
feat_1416,integer,high,Morgan count fingeprint feature 1416 with radius 3 and 2048 bits
feat_1417,integer,high,Morgan count fingeprint feature 1417 with radius 3 and 2048 bits
feat_1418,integer,high,Morgan count fingeprint feature 1418 with radius 3 and 2048 bits
feat_1419,integer,high,Morgan count fingeprint feature 1419 with radius 3 and 2048 bits
feat_1420,integer,high,Morgan count fingeprint feature 1420 with radius 3 and 2048 bits
feat_1421,integer,high,Morgan count fingeprint feature 1421 with radius 3 and 2048 bits
feat_1422,integer,high,Morgan count fingeprint feature 1422 with radius 3 and 2048 bits
feat_1423,integer,high,Morgan count fingeprint feature 1423 with radius 3 and 2048 bits
feat_1424,integer,high,Morgan count fingeprint feature 1424 with radius 3 and 2048 bits
feat_1425,integer,high,Morgan count fingeprint feature 1425 with radius 3 and 2048 bits
feat_1426,integer,high,Morgan count fingeprint feature 1426 with radius 3 and 2048 bits
feat_1427,integer,high,Morgan count fingeprint feature 1427 with radius 3 and 2048 bits
feat_1428,integer,high,Morgan count fingeprint feature 1428 with radius 3 and 2048 bits
feat_1429,integer,high,Morgan count fingeprint feature 1429 with radius 3 and 2048 bits
feat_1430,integer,high,Morgan count fingeprint feature 1430 with radius 3 and 2048 bits
feat_1431,integer,high,Morgan count fingeprint feature 1431 with radius 3 and 2048 bits
feat_1432,integer,high,Morgan count fingeprint feature 1432 with radius 3 and 2048 bits
feat_1433,integer,high,Morgan count fingeprint feature 1433 with radius 3 and 2048 bits
feat_1434,integer,high,Morgan count fingeprint feature 1434 with radius 3 and 2048 bits
feat_1435,integer,high,Morgan count fingeprint feature 1435 with radius 3 and 2048 bits
feat_1436,integer,high,Morgan count fingeprint feature 1436 with radius 3 and 2048 bits
feat_1437,integer,high,Morgan count fingeprint feature 1437 with radius 3 and 2048 bits
feat_1438,integer,high,Morgan count fingeprint feature 1438 with radius 3 and 2048 bits
feat_1439,integer,high,Morgan count fingeprint feature 1439 with radius 3 and 2048 bits
feat_1440,integer,high,Morgan count fingeprint feature 1440 with radius 3 and 2048 bits
feat_1441,integer,high,Morgan count fingeprint feature 1441 with radius 3 and 2048 bits
feat_1442,integer,high,Morgan count fingeprint feature 1442 with radius 3 and 2048 bits
feat_1443,integer,high,Morgan count fingeprint feature 1443 with radius 3 and 2048 bits
feat_1444,integer,high,Morgan count fingeprint feature 1444 with radius 3 and 2048 bits
feat_1445,integer,high,Morgan count fingeprint feature 1445 with radius 3 and 2048 bits
feat_1446,integer,high,Morgan count fingeprint feature 1446 with radius 3 and 2048 bits
feat_1447,integer,high,Morgan count fingeprint feature 1447 with radius 3 and 2048 bits
feat_1448,integer,high,Morgan count fingeprint feature 1448 with radius 3 and 2048 bits
feat_1449,integer,high,Morgan count fingeprint feature 1449 with radius 3 and 2048 bits
feat_1450,integer,high,Morgan count fingeprint feature 1450 with radius 3 and 2048 bits
feat_1451,integer,high,Morgan count fingeprint feature 1451 with radius 3 and 2048 bits
feat_1452,integer,high,Morgan count fingeprint feature 1452 with radius 3 and 2048 bits
feat_1453,integer,high,Morgan count fingeprint feature 1453 with radius 3 and 2048 bits
feat_1454,integer,high,Morgan count fingeprint feature 1454 with radius 3 and 2048 bits
feat_1455,integer,high,Morgan count fingeprint feature 1455 with radius 3 and 2048 bits
feat_1456,integer,high,Morgan count fingeprint feature 1456 with radius 3 and 2048 bits
feat_1457,integer,high,Morgan count fingeprint feature 1457 with radius 3 and 2048 bits
feat_1458,integer,high,Morgan count fingeprint feature 1458 with radius 3 and 2048 bits
feat_1459,integer,high,Morgan count fingeprint feature 1459 with radius 3 and 2048 bits
feat_1460,integer,high,Morgan count fingeprint feature 1460 with radius 3 and 2048 bits
feat_1461,integer,high,Morgan count fingeprint feature 1461 with radius 3 and 2048 bits
feat_1462,integer,high,Morgan count fingeprint feature 1462 with radius 3 and 2048 bits
feat_1463,integer,high,Morgan count fingeprint feature 1463 with radius 3 and 2048 bits
feat_1464,integer,high,Morgan count fingeprint feature 1464 with radius 3 and 2048 bits
feat_1465,integer,high,Morgan count fingeprint feature 1465 with radius 3 and 2048 bits
feat_1466,integer,high,Morgan count fingeprint feature 1466 with radius 3 and 2048 bits
feat_1467,integer,high,Morgan count fingeprint feature 1467 with radius 3 and 2048 bits
feat_1468,integer,high,Morgan count fingeprint feature 1468 with radius 3 and 2048 bits
feat_1469,integer,high,Morgan count fingeprint feature 1469 with radius 3 and 2048 bits
feat_1470,integer,high,Morgan count fingeprint feature 1470 with radius 3 and 2048 bits
feat_1471,integer,high,Morgan count fingeprint feature 1471 with radius 3 and 2048 bits
feat_1472,integer,high,Morgan count fingeprint feature 1472 with radius 3 and 2048 bits
feat_1473,integer,high,Morgan count fingeprint feature 1473 with radius 3 and 2048 bits
feat_1474,integer,high,Morgan count fingeprint feature 1474 with radius 3 and 2048 bits
feat_1475,integer,high,Morgan count fingeprint feature 1475 with radius 3 and 2048 bits
feat_1476,integer,high,Morgan count fingeprint feature 1476 with radius 3 and 2048 bits
feat_1477,integer,high,Morgan count fingeprint feature 1477 with radius 3 and 2048 bits
feat_1478,integer,high,Morgan count fingeprint feature 1478 with radius 3 and 2048 bits
feat_1479,integer,high,Morgan count fingeprint feature 1479 with radius 3 and 2048 bits
feat_1480,integer,high,Morgan count fingeprint feature 1480 with radius 3 and 2048 bits
feat_1481,integer,high,Morgan count fingeprint feature 1481 with radius 3 and 2048 bits
feat_1482,integer,high,Morgan count fingeprint feature 1482 with radius 3 and 2048 bits
feat_1483,integer,high,Morgan count fingeprint feature 1483 with radius 3 and 2048 bits
feat_1484,integer,high,Morgan count fingeprint feature 1484 with radius 3 and 2048 bits
feat_1485,integer,high,Morgan count fingeprint feature 1485 with radius 3 and 2048 bits
feat_1486,integer,high,Morgan count fingeprint feature 1486 with radius 3 and 2048 bits
feat_1487,integer,high,Morgan count fingeprint feature 1487 with radius 3 and 2048 bits
feat_1488,integer,high,Morgan count fingeprint feature 1488 with radius 3 and 2048 bits
feat_1489,integer,high,Morgan count fingeprint feature 1489 with radius 3 and 2048 bits
feat_1490,integer,high,Morgan count fingeprint feature 1490 with radius 3 and 2048 bits
feat_1491,integer,high,Morgan count fingeprint feature 1491 with radius 3 and 2048 bits
feat_1492,integer,high,Morgan count fingeprint feature 1492 with radius 3 and 2048 bits
feat_1493,integer,high,Morgan count fingeprint feature 1493 with radius 3 and 2048 bits
feat_1494,integer,high,Morgan count fingeprint feature 1494 with radius 3 and 2048 bits
feat_1495,integer,high,Morgan count fingeprint feature 1495 with radius 3 and 2048 bits
feat_1496,integer,high,Morgan count fingeprint feature 1496 with radius 3 and 2048 bits
feat_1497,integer,high,Morgan count fingeprint feature 1497 with radius 3 and 2048 bits
feat_1498,integer,high,Morgan count fingeprint feature 1498 with radius 3 and 2048 bits
feat_1499,integer,high,Morgan count fingeprint feature 1499 with radius 3 and 2048 bits
feat_1500,integer,high,Morgan count fingeprint feature 1500 with radius 3 and 2048 bits
feat_1501,integer,high,Morgan count fingeprint feature 1501 with radius 3 and 2048 bits
feat_1502,integer,high,Morgan count fingeprint feature 1502 with radius 3 and 2048 bits
feat_1503,integer,high,Morgan count fingeprint feature 1503 with radius 3 and 2048 bits
feat_1504,integer,high,Morgan count fingeprint feature 1504 with radius 3 and 2048 bits
feat_1505,integer,high,Morgan count fingeprint feature 1505 with radius 3 and 2048 bits
feat_1506,integer,high,Morgan count fingeprint feature 1506 with radius 3 and 2048 bits
feat_1507,integer,high,Morgan count fingeprint feature 1507 with radius 3 and 2048 bits
feat_1508,integer,high,Morgan count fingeprint feature 1508 with radius 3 and 2048 bits
feat_1509,integer,high,Morgan count fingeprint feature 1509 with radius 3 and 2048 bits
feat_1510,integer,high,Morgan count fingeprint feature 1510 with radius 3 and 2048 bits
feat_1511,integer,high,Morgan count fingeprint feature 1511 with radius 3 and 2048 bits
feat_1512,integer,high,Morgan count fingeprint feature 1512 with radius 3 and 2048 bits
feat_1513,integer,high,Morgan count fingeprint feature 1513 with radius 3 and 2048 bits
feat_1514,integer,high,Morgan count fingeprint feature 1514 with radius 3 and 2048 bits
feat_1515,integer,high,Morgan count fingeprint feature 1515 with radius 3 and 2048 bits
feat_1516,integer,high,Morgan count fingeprint feature 1516 with radius 3 and 2048 bits
feat_1517,integer,high,Morgan count fingeprint feature 1517 with radius 3 and 2048 bits
feat_1518,integer,high,Morgan count fingeprint feature 1518 with radius 3 and 2048 bits
feat_1519,integer,high,Morgan count fingeprint feature 1519 with radius 3 and 2048 bits
feat_1520,integer,high,Morgan count fingeprint feature 1520 with radius 3 and 2048 bits
feat_1521,integer,high,Morgan count fingeprint feature 1521 with radius 3 and 2048 bits
feat_1522,integer,high,Morgan count fingeprint feature 1522 with radius 3 and 2048 bits
feat_1523,integer,high,Morgan count fingeprint feature 1523 with radius 3 and 2048 bits
feat_1524,integer,high,Morgan count fingeprint feature 1524 with radius 3 and 2048 bits
feat_1525,integer,high,Morgan count fingeprint feature 1525 with radius 3 and 2048 bits
feat_1526,integer,high,Morgan count fingeprint feature 1526 with radius 3 and 2048 bits
feat_1527,integer,high,Morgan count fingeprint feature 1527 with radius 3 and 2048 bits
feat_1528,integer,high,Morgan count fingeprint feature 1528 with radius 3 and 2048 bits
feat_1529,integer,high,Morgan count fingeprint feature 1529 with radius 3 and 2048 bits
feat_1530,integer,high,Morgan count fingeprint feature 1530 with radius 3 and 2048 bits
feat_1531,integer,high,Morgan count fingeprint feature 1531 with radius 3 and 2048 bits
feat_1532,integer,high,Morgan count fingeprint feature 1532 with radius 3 and 2048 bits
feat_1533,integer,high,Morgan count fingeprint feature 1533 with radius 3 and 2048 bits
feat_1534,integer,high,Morgan count fingeprint feature 1534 with radius 3 and 2048 bits
feat_1535,integer,high,Morgan count fingeprint feature 1535 with radius 3 and 2048 bits
feat_1536,integer,high,Morgan count fingeprint feature 1536 with radius 3 and 2048 bits
feat_1537,integer,high,Morgan count fingeprint feature 1537 with radius 3 and 2048 bits
feat_1538,integer,high,Morgan count fingeprint feature 1538 with radius 3 and 2048 bits
feat_1539,integer,high,Morgan count fingeprint feature 1539 with radius 3 and 2048 bits
feat_1540,integer,high,Morgan count fingeprint feature 1540 with radius 3 and 2048 bits
feat_1541,integer,high,Morgan count fingeprint feature 1541 with radius 3 and 2048 bits
feat_1542,integer,high,Morgan count fingeprint feature 1542 with radius 3 and 2048 bits
feat_1543,integer,high,Morgan count fingeprint feature 1543 with radius 3 and 2048 bits
feat_1544,integer,high,Morgan count fingeprint feature 1544 with radius 3 and 2048 bits
feat_1545,integer,high,Morgan count fingeprint feature 1545 with radius 3 and 2048 bits
feat_1546,integer,high,Morgan count fingeprint feature 1546 with radius 3 and 2048 bits
feat_1547,integer,high,Morgan count fingeprint feature 1547 with radius 3 and 2048 bits
feat_1548,integer,high,Morgan count fingeprint feature 1548 with radius 3 and 2048 bits
feat_1549,integer,high,Morgan count fingeprint feature 1549 with radius 3 and 2048 bits
feat_1550,integer,high,Morgan count fingeprint feature 1550 with radius 3 and 2048 bits
feat_1551,integer,high,Morgan count fingeprint feature 1551 with radius 3 and 2048 bits
feat_1552,integer,high,Morgan count fingeprint feature 1552 with radius 3 and 2048 bits
feat_1553,integer,high,Morgan count fingeprint feature 1553 with radius 3 and 2048 bits
feat_1554,integer,high,Morgan count fingeprint feature 1554 with radius 3 and 2048 bits
feat_1555,integer,high,Morgan count fingeprint feature 1555 with radius 3 and 2048 bits
feat_1556,integer,high,Morgan count fingeprint feature 1556 with radius 3 and 2048 bits
feat_1557,integer,high,Morgan count fingeprint feature 1557 with radius 3 and 2048 bits
feat_1558,integer,high,Morgan count fingeprint feature 1558 with radius 3 and 2048 bits
feat_1559,integer,high,Morgan count fingeprint feature 1559 with radius 3 and 2048 bits
feat_1560,integer,high,Morgan count fingeprint feature 1560 with radius 3 and 2048 bits
feat_1561,integer,high,Morgan count fingeprint feature 1561 with radius 3 and 2048 bits
feat_1562,integer,high,Morgan count fingeprint feature 1562 with radius 3 and 2048 bits
feat_1563,integer,high,Morgan count fingeprint feature 1563 with radius 3 and 2048 bits
feat_1564,integer,high,Morgan count fingeprint feature 1564 with radius 3 and 2048 bits
feat_1565,integer,high,Morgan count fingeprint feature 1565 with radius 3 and 2048 bits
feat_1566,integer,high,Morgan count fingeprint feature 1566 with radius 3 and 2048 bits
feat_1567,integer,high,Morgan count fingeprint feature 1567 with radius 3 and 2048 bits
feat_1568,integer,high,Morgan count fingeprint feature 1568 with radius 3 and 2048 bits
feat_1569,integer,high,Morgan count fingeprint feature 1569 with radius 3 and 2048 bits
feat_1570,integer,high,Morgan count fingeprint feature 1570 with radius 3 and 2048 bits
feat_1571,integer,high,Morgan count fingeprint feature 1571 with radius 3 and 2048 bits
feat_1572,integer,high,Morgan count fingeprint feature 1572 with radius 3 and 2048 bits
feat_1573,integer,high,Morgan count fingeprint feature 1573 with radius 3 and 2048 bits
feat_1574,integer,high,Morgan count fingeprint feature 1574 with radius 3 and 2048 bits
feat_1575,integer,high,Morgan count fingeprint feature 1575 with radius 3 and 2048 bits
feat_1576,integer,high,Morgan count fingeprint feature 1576 with radius 3 and 2048 bits
feat_1577,integer,high,Morgan count fingeprint feature 1577 with radius 3 and 2048 bits
feat_1578,integer,high,Morgan count fingeprint feature 1578 with radius 3 and 2048 bits
feat_1579,integer,high,Morgan count fingeprint feature 1579 with radius 3 and 2048 bits
feat_1580,integer,high,Morgan count fingeprint feature 1580 with radius 3 and 2048 bits
feat_1581,integer,high,Morgan count fingeprint feature 1581 with radius 3 and 2048 bits
feat_1582,integer,high,Morgan count fingeprint feature 1582 with radius 3 and 2048 bits
feat_1583,integer,high,Morgan count fingeprint feature 1583 with radius 3 and 2048 bits
feat_1584,integer,high,Morgan count fingeprint feature 1584 with radius 3 and 2048 bits
feat_1585,integer,high,Morgan count fingeprint feature 1585 with radius 3 and 2048 bits
feat_1586,integer,high,Morgan count fingeprint feature 1586 with radius 3 and 2048 bits
feat_1587,integer,high,Morgan count fingeprint feature 1587 with radius 3 and 2048 bits
feat_1588,integer,high,Morgan count fingeprint feature 1588 with radius 3 and 2048 bits
feat_1589,integer,high,Morgan count fingeprint feature 1589 with radius 3 and 2048 bits
feat_1590,integer,high,Morgan count fingeprint feature 1590 with radius 3 and 2048 bits
feat_1591,integer,high,Morgan count fingeprint feature 1591 with radius 3 and 2048 bits
feat_1592,integer,high,Morgan count fingeprint feature 1592 with radius 3 and 2048 bits
feat_1593,integer,high,Morgan count fingeprint feature 1593 with radius 3 and 2048 bits
feat_1594,integer,high,Morgan count fingeprint feature 1594 with radius 3 and 2048 bits
feat_1595,integer,high,Morgan count fingeprint feature 1595 with radius 3 and 2048 bits
feat_1596,integer,high,Morgan count fingeprint feature 1596 with radius 3 and 2048 bits
feat_1597,integer,high,Morgan count fingeprint feature 1597 with radius 3 and 2048 bits
feat_1598,integer,high,Morgan count fingeprint feature 1598 with radius 3 and 2048 bits
feat_1599,integer,high,Morgan count fingeprint feature 1599 with radius 3 and 2048 bits
feat_1600,integer,high,Morgan count fingeprint feature 1600 with radius 3 and 2048 bits
feat_1601,integer,high,Morgan count fingeprint feature 1601 with radius 3 and 2048 bits
feat_1602,integer,high,Morgan count fingeprint feature 1602 with radius 3 and 2048 bits
feat_1603,integer,high,Morgan count fingeprint feature 1603 with radius 3 and 2048 bits
feat_1604,integer,high,Morgan count fingeprint feature 1604 with radius 3 and 2048 bits
feat_1605,integer,high,Morgan count fingeprint feature 1605 with radius 3 and 2048 bits
feat_1606,integer,high,Morgan count fingeprint feature 1606 with radius 3 and 2048 bits
feat_1607,integer,high,Morgan count fingeprint feature 1607 with radius 3 and 2048 bits
feat_1608,integer,high,Morgan count fingeprint feature 1608 with radius 3 and 2048 bits
feat_1609,integer,high,Morgan count fingeprint feature 1609 with radius 3 and 2048 bits
feat_1610,integer,high,Morgan count fingeprint feature 1610 with radius 3 and 2048 bits
feat_1611,integer,high,Morgan count fingeprint feature 1611 with radius 3 and 2048 bits
feat_1612,integer,high,Morgan count fingeprint feature 1612 with radius 3 and 2048 bits
feat_1613,integer,high,Morgan count fingeprint feature 1613 with radius 3 and 2048 bits
feat_1614,integer,high,Morgan count fingeprint feature 1614 with radius 3 and 2048 bits
feat_1615,integer,high,Morgan count fingeprint feature 1615 with radius 3 and 2048 bits
feat_1616,integer,high,Morgan count fingeprint feature 1616 with radius 3 and 2048 bits
feat_1617,integer,high,Morgan count fingeprint feature 1617 with radius 3 and 2048 bits
feat_1618,integer,high,Morgan count fingeprint feature 1618 with radius 3 and 2048 bits
feat_1619,integer,high,Morgan count fingeprint feature 1619 with radius 3 and 2048 bits
feat_1620,integer,high,Morgan count fingeprint feature 1620 with radius 3 and 2048 bits
feat_1621,integer,high,Morgan count fingeprint feature 1621 with radius 3 and 2048 bits
feat_1622,integer,high,Morgan count fingeprint feature 1622 with radius 3 and 2048 bits
feat_1623,integer,high,Morgan count fingeprint feature 1623 with radius 3 and 2048 bits
feat_1624,integer,high,Morgan count fingeprint feature 1624 with radius 3 and 2048 bits
feat_1625,integer,high,Morgan count fingeprint feature 1625 with radius 3 and 2048 bits
feat_1626,integer,high,Morgan count fingeprint feature 1626 with radius 3 and 2048 bits
feat_1627,integer,high,Morgan count fingeprint feature 1627 with radius 3 and 2048 bits
feat_1628,integer,high,Morgan count fingeprint feature 1628 with radius 3 and 2048 bits
feat_1629,integer,high,Morgan count fingeprint feature 1629 with radius 3 and 2048 bits
feat_1630,integer,high,Morgan count fingeprint feature 1630 with radius 3 and 2048 bits
feat_1631,integer,high,Morgan count fingeprint feature 1631 with radius 3 and 2048 bits
feat_1632,integer,high,Morgan count fingeprint feature 1632 with radius 3 and 2048 bits
feat_1633,integer,high,Morgan count fingeprint feature 1633 with radius 3 and 2048 bits
feat_1634,integer,high,Morgan count fingeprint feature 1634 with radius 3 and 2048 bits
feat_1635,integer,high,Morgan count fingeprint feature 1635 with radius 3 and 2048 bits
feat_1636,integer,high,Morgan count fingeprint feature 1636 with radius 3 and 2048 bits
feat_1637,integer,high,Morgan count fingeprint feature 1637 with radius 3 and 2048 bits
feat_1638,integer,high,Morgan count fingeprint feature 1638 with radius 3 and 2048 bits
feat_1639,integer,high,Morgan count fingeprint feature 1639 with radius 3 and 2048 bits
feat_1640,integer,high,Morgan count fingeprint feature 1640 with radius 3 and 2048 bits
feat_1641,integer,high,Morgan count fingeprint feature 1641 with radius 3 and 2048 bits
feat_1642,integer,high,Morgan count fingeprint feature 1642 with radius 3 and 2048 bits
feat_1643,integer,high,Morgan count fingeprint feature 1643 with radius 3 and 2048 bits
feat_1644,integer,high,Morgan count fingeprint feature 1644 with radius 3 and 2048 bits
feat_1645,integer,high,Morgan count fingeprint feature 1645 with radius 3 and 2048 bits
feat_1646,integer,high,Morgan count fingeprint feature 1646 with radius 3 and 2048 bits
feat_1647,integer,high,Morgan count fingeprint feature 1647 with radius 3 and 2048 bits
feat_1648,integer,high,Morgan count fingeprint feature 1648 with radius 3 and 2048 bits
feat_1649,integer,high,Morgan count fingeprint feature 1649 with radius 3 and 2048 bits
feat_1650,integer,high,Morgan count fingeprint feature 1650 with radius 3 and 2048 bits
feat_1651,integer,high,Morgan count fingeprint feature 1651 with radius 3 and 2048 bits
feat_1652,integer,high,Morgan count fingeprint feature 1652 with radius 3 and 2048 bits
feat_1653,integer,high,Morgan count fingeprint feature 1653 with radius 3 and 2048 bits
feat_1654,integer,high,Morgan count fingeprint feature 1654 with radius 3 and 2048 bits
feat_1655,integer,high,Morgan count fingeprint feature 1655 with radius 3 and 2048 bits
feat_1656,integer,high,Morgan count fingeprint feature 1656 with radius 3 and 2048 bits
feat_1657,integer,high,Morgan count fingeprint feature 1657 with radius 3 and 2048 bits
feat_1658,integer,high,Morgan count fingeprint feature 1658 with radius 3 and 2048 bits
feat_1659,integer,high,Morgan count fingeprint feature 1659 with radius 3 and 2048 bits
feat_1660,integer,high,Morgan count fingeprint feature 1660 with radius 3 and 2048 bits
feat_1661,integer,high,Morgan count fingeprint feature 1661 with radius 3 and 2048 bits
feat_1662,integer,high,Morgan count fingeprint feature 1662 with radius 3 and 2048 bits
feat_1663,integer,high,Morgan count fingeprint feature 1663 with radius 3 and 2048 bits
feat_1664,integer,high,Morgan count fingeprint feature 1664 with radius 3 and 2048 bits
feat_1665,integer,high,Morgan count fingeprint feature 1665 with radius 3 and 2048 bits
feat_1666,integer,high,Morgan count fingeprint feature 1666 with radius 3 and 2048 bits
feat_1667,integer,high,Morgan count fingeprint feature 1667 with radius 3 and 2048 bits
feat_1668,integer,high,Morgan count fingeprint feature 1668 with radius 3 and 2048 bits
feat_1669,integer,high,Morgan count fingeprint feature 1669 with radius 3 and 2048 bits
feat_1670,integer,high,Morgan count fingeprint feature 1670 with radius 3 and 2048 bits
feat_1671,integer,high,Morgan count fingeprint feature 1671 with radius 3 and 2048 bits
feat_1672,integer,high,Morgan count fingeprint feature 1672 with radius 3 and 2048 bits
feat_1673,integer,high,Morgan count fingeprint feature 1673 with radius 3 and 2048 bits
feat_1674,integer,high,Morgan count fingeprint feature 1674 with radius 3 and 2048 bits
feat_1675,integer,high,Morgan count fingeprint feature 1675 with radius 3 and 2048 bits
feat_1676,integer,high,Morgan count fingeprint feature 1676 with radius 3 and 2048 bits
feat_1677,integer,high,Morgan count fingeprint feature 1677 with radius 3 and 2048 bits
feat_1678,integer,high,Morgan count fingeprint feature 1678 with radius 3 and 2048 bits
feat_1679,integer,high,Morgan count fingeprint feature 1679 with radius 3 and 2048 bits
feat_1680,integer,high,Morgan count fingeprint feature 1680 with radius 3 and 2048 bits
feat_1681,integer,high,Morgan count fingeprint feature 1681 with radius 3 and 2048 bits
feat_1682,integer,high,Morgan count fingeprint feature 1682 with radius 3 and 2048 bits
feat_1683,integer,high,Morgan count fingeprint feature 1683 with radius 3 and 2048 bits
feat_1684,integer,high,Morgan count fingeprint feature 1684 with radius 3 and 2048 bits
feat_1685,integer,high,Morgan count fingeprint feature 1685 with radius 3 and 2048 bits
feat_1686,integer,high,Morgan count fingeprint feature 1686 with radius 3 and 2048 bits
feat_1687,integer,high,Morgan count fingeprint feature 1687 with radius 3 and 2048 bits
feat_1688,integer,high,Morgan count fingeprint feature 1688 with radius 3 and 2048 bits
feat_1689,integer,high,Morgan count fingeprint feature 1689 with radius 3 and 2048 bits
feat_1690,integer,high,Morgan count fingeprint feature 1690 with radius 3 and 2048 bits
feat_1691,integer,high,Morgan count fingeprint feature 1691 with radius 3 and 2048 bits
feat_1692,integer,high,Morgan count fingeprint feature 1692 with radius 3 and 2048 bits
feat_1693,integer,high,Morgan count fingeprint feature 1693 with radius 3 and 2048 bits
feat_1694,integer,high,Morgan count fingeprint feature 1694 with radius 3 and 2048 bits
feat_1695,integer,high,Morgan count fingeprint feature 1695 with radius 3 and 2048 bits
feat_1696,integer,high,Morgan count fingeprint feature 1696 with radius 3 and 2048 bits
feat_1697,integer,high,Morgan count fingeprint feature 1697 with radius 3 and 2048 bits
feat_1698,integer,high,Morgan count fingeprint feature 1698 with radius 3 and 2048 bits
feat_1699,integer,high,Morgan count fingeprint feature 1699 with radius 3 and 2048 bits
feat_1700,integer,high,Morgan count fingeprint feature 1700 with radius 3 and 2048 bits
feat_1701,integer,high,Morgan count fingeprint feature 1701 with radius 3 and 2048 bits
feat_1702,integer,high,Morgan count fingeprint feature 1702 with radius 3 and 2048 bits
feat_1703,integer,high,Morgan count fingeprint feature 1703 with radius 3 and 2048 bits
feat_1704,integer,high,Morgan count fingeprint feature 1704 with radius 3 and 2048 bits
feat_1705,integer,high,Morgan count fingeprint feature 1705 with radius 3 and 2048 bits
feat_1706,integer,high,Morgan count fingeprint feature 1706 with radius 3 and 2048 bits
feat_1707,integer,high,Morgan count fingeprint feature 1707 with radius 3 and 2048 bits
feat_1708,integer,high,Morgan count fingeprint feature 1708 with radius 3 and 2048 bits
feat_1709,integer,high,Morgan count fingeprint feature 1709 with radius 3 and 2048 bits
feat_1710,integer,high,Morgan count fingeprint feature 1710 with radius 3 and 2048 bits
feat_1711,integer,high,Morgan count fingeprint feature 1711 with radius 3 and 2048 bits
feat_1712,integer,high,Morgan count fingeprint feature 1712 with radius 3 and 2048 bits
feat_1713,integer,high,Morgan count fingeprint feature 1713 with radius 3 and 2048 bits
feat_1714,integer,high,Morgan count fingeprint feature 1714 with radius 3 and 2048 bits
feat_1715,integer,high,Morgan count fingeprint feature 1715 with radius 3 and 2048 bits
feat_1716,integer,high,Morgan count fingeprint feature 1716 with radius 3 and 2048 bits
feat_1717,integer,high,Morgan count fingeprint feature 1717 with radius 3 and 2048 bits
feat_1718,integer,high,Morgan count fingeprint feature 1718 with radius 3 and 2048 bits
feat_1719,integer,high,Morgan count fingeprint feature 1719 with radius 3 and 2048 bits
feat_1720,integer,high,Morgan count fingeprint feature 1720 with radius 3 and 2048 bits
feat_1721,integer,high,Morgan count fingeprint feature 1721 with radius 3 and 2048 bits
feat_1722,integer,high,Morgan count fingeprint feature 1722 with radius 3 and 2048 bits
feat_1723,integer,high,Morgan count fingeprint feature 1723 with radius 3 and 2048 bits
feat_1724,integer,high,Morgan count fingeprint feature 1724 with radius 3 and 2048 bits
feat_1725,integer,high,Morgan count fingeprint feature 1725 with radius 3 and 2048 bits
feat_1726,integer,high,Morgan count fingeprint feature 1726 with radius 3 and 2048 bits
feat_1727,integer,high,Morgan count fingeprint feature 1727 with radius 3 and 2048 bits
feat_1728,integer,high,Morgan count fingeprint feature 1728 with radius 3 and 2048 bits
feat_1729,integer,high,Morgan count fingeprint feature 1729 with radius 3 and 2048 bits
feat_1730,integer,high,Morgan count fingeprint feature 1730 with radius 3 and 2048 bits
feat_1731,integer,high,Morgan count fingeprint feature 1731 with radius 3 and 2048 bits
feat_1732,integer,high,Morgan count fingeprint feature 1732 with radius 3 and 2048 bits
feat_1733,integer,high,Morgan count fingeprint feature 1733 with radius 3 and 2048 bits
feat_1734,integer,high,Morgan count fingeprint feature 1734 with radius 3 and 2048 bits
feat_1735,integer,high,Morgan count fingeprint feature 1735 with radius 3 and 2048 bits
feat_1736,integer,high,Morgan count fingeprint feature 1736 with radius 3 and 2048 bits
feat_1737,integer,high,Morgan count fingeprint feature 1737 with radius 3 and 2048 bits
feat_1738,integer,high,Morgan count fingeprint feature 1738 with radius 3 and 2048 bits
feat_1739,integer,high,Morgan count fingeprint feature 1739 with radius 3 and 2048 bits
feat_1740,integer,high,Morgan count fingeprint feature 1740 with radius 3 and 2048 bits
feat_1741,integer,high,Morgan count fingeprint feature 1741 with radius 3 and 2048 bits
feat_1742,integer,high,Morgan count fingeprint feature 1742 with radius 3 and 2048 bits
feat_1743,integer,high,Morgan count fingeprint feature 1743 with radius 3 and 2048 bits
feat_1744,integer,high,Morgan count fingeprint feature 1744 with radius 3 and 2048 bits
feat_1745,integer,high,Morgan count fingeprint feature 1745 with radius 3 and 2048 bits
feat_1746,integer,high,Morgan count fingeprint feature 1746 with radius 3 and 2048 bits
feat_1747,integer,high,Morgan count fingeprint feature 1747 with radius 3 and 2048 bits
feat_1748,integer,high,Morgan count fingeprint feature 1748 with radius 3 and 2048 bits
feat_1749,integer,high,Morgan count fingeprint feature 1749 with radius 3 and 2048 bits
feat_1750,integer,high,Morgan count fingeprint feature 1750 with radius 3 and 2048 bits
feat_1751,integer,high,Morgan count fingeprint feature 1751 with radius 3 and 2048 bits
feat_1752,integer,high,Morgan count fingeprint feature 1752 with radius 3 and 2048 bits
feat_1753,integer,high,Morgan count fingeprint feature 1753 with radius 3 and 2048 bits
feat_1754,integer,high,Morgan count fingeprint feature 1754 with radius 3 and 2048 bits
feat_1755,integer,high,Morgan count fingeprint feature 1755 with radius 3 and 2048 bits
feat_1756,integer,high,Morgan count fingeprint feature 1756 with radius 3 and 2048 bits
feat_1757,integer,high,Morgan count fingeprint feature 1757 with radius 3 and 2048 bits
feat_1758,integer,high,Morgan count fingeprint feature 1758 with radius 3 and 2048 bits
feat_1759,integer,high,Morgan count fingeprint feature 1759 with radius 3 and 2048 bits
feat_1760,integer,high,Morgan count fingeprint feature 1760 with radius 3 and 2048 bits
feat_1761,integer,high,Morgan count fingeprint feature 1761 with radius 3 and 2048 bits
feat_1762,integer,high,Morgan count fingeprint feature 1762 with radius 3 and 2048 bits
feat_1763,integer,high,Morgan count fingeprint feature 1763 with radius 3 and 2048 bits
feat_1764,integer,high,Morgan count fingeprint feature 1764 with radius 3 and 2048 bits
feat_1765,integer,high,Morgan count fingeprint feature 1765 with radius 3 and 2048 bits
feat_1766,integer,high,Morgan count fingeprint feature 1766 with radius 3 and 2048 bits
feat_1767,integer,high,Morgan count fingeprint feature 1767 with radius 3 and 2048 bits
feat_1768,integer,high,Morgan count fingeprint feature 1768 with radius 3 and 2048 bits
feat_1769,integer,high,Morgan count fingeprint feature 1769 with radius 3 and 2048 bits
feat_1770,integer,high,Morgan count fingeprint feature 1770 with radius 3 and 2048 bits
feat_1771,integer,high,Morgan count fingeprint feature 1771 with radius 3 and 2048 bits
feat_1772,integer,high,Morgan count fingeprint feature 1772 with radius 3 and 2048 bits
feat_1773,integer,high,Morgan count fingeprint feature 1773 with radius 3 and 2048 bits
feat_1774,integer,high,Morgan count fingeprint feature 1774 with radius 3 and 2048 bits
feat_1775,integer,high,Morgan count fingeprint feature 1775 with radius 3 and 2048 bits
feat_1776,integer,high,Morgan count fingeprint feature 1776 with radius 3 and 2048 bits
feat_1777,integer,high,Morgan count fingeprint feature 1777 with radius 3 and 2048 bits
feat_1778,integer,high,Morgan count fingeprint feature 1778 with radius 3 and 2048 bits
feat_1779,integer,high,Morgan count fingeprint feature 1779 with radius 3 and 2048 bits
feat_1780,integer,high,Morgan count fingeprint feature 1780 with radius 3 and 2048 bits
feat_1781,integer,high,Morgan count fingeprint feature 1781 with radius 3 and 2048 bits
feat_1782,integer,high,Morgan count fingeprint feature 1782 with radius 3 and 2048 bits
feat_1783,integer,high,Morgan count fingeprint feature 1783 with radius 3 and 2048 bits
feat_1784,integer,high,Morgan count fingeprint feature 1784 with radius 3 and 2048 bits
feat_1785,integer,high,Morgan count fingeprint feature 1785 with radius 3 and 2048 bits
feat_1786,integer,high,Morgan count fingeprint feature 1786 with radius 3 and 2048 bits
feat_1787,integer,high,Morgan count fingeprint feature 1787 with radius 3 and 2048 bits
feat_1788,integer,high,Morgan count fingeprint feature 1788 with radius 3 and 2048 bits
feat_1789,integer,high,Morgan count fingeprint feature 1789 with radius 3 and 2048 bits
feat_1790,integer,high,Morgan count fingeprint feature 1790 with radius 3 and 2048 bits
feat_1791,integer,high,Morgan count fingeprint feature 1791 with radius 3 and 2048 bits
feat_1792,integer,high,Morgan count fingeprint feature 1792 with radius 3 and 2048 bits
feat_1793,integer,high,Morgan count fingeprint feature 1793 with radius 3 and 2048 bits
feat_1794,integer,high,Morgan count fingeprint feature 1794 with radius 3 and 2048 bits
feat_1795,integer,high,Morgan count fingeprint feature 1795 with radius 3 and 2048 bits
feat_1796,integer,high,Morgan count fingeprint feature 1796 with radius 3 and 2048 bits
feat_1797,integer,high,Morgan count fingeprint feature 1797 with radius 3 and 2048 bits
feat_1798,integer,high,Morgan count fingeprint feature 1798 with radius 3 and 2048 bits
feat_1799,integer,high,Morgan count fingeprint feature 1799 with radius 3 and 2048 bits
feat_1800,integer,high,Morgan count fingeprint feature 1800 with radius 3 and 2048 bits
feat_1801,integer,high,Morgan count fingeprint feature 1801 with radius 3 and 2048 bits
feat_1802,integer,high,Morgan count fingeprint feature 1802 with radius 3 and 2048 bits
feat_1803,integer,high,Morgan count fingeprint feature 1803 with radius 3 and 2048 bits
feat_1804,integer,high,Morgan count fingeprint feature 1804 with radius 3 and 2048 bits
feat_1805,integer,high,Morgan count fingeprint feature 1805 with radius 3 and 2048 bits
feat_1806,integer,high,Morgan count fingeprint feature 1806 with radius 3 and 2048 bits
feat_1807,integer,high,Morgan count fingeprint feature 1807 with radius 3 and 2048 bits
feat_1808,integer,high,Morgan count fingeprint feature 1808 with radius 3 and 2048 bits
feat_1809,integer,high,Morgan count fingeprint feature 1809 with radius 3 and 2048 bits
feat_1810,integer,high,Morgan count fingeprint feature 1810 with radius 3 and 2048 bits
feat_1811,integer,high,Morgan count fingeprint feature 1811 with radius 3 and 2048 bits
feat_1812,integer,high,Morgan count fingeprint feature 1812 with radius 3 and 2048 bits
feat_1813,integer,high,Morgan count fingeprint feature 1813 with radius 3 and 2048 bits
feat_1814,integer,high,Morgan count fingeprint feature 1814 with radius 3 and 2048 bits
feat_1815,integer,high,Morgan count fingeprint feature 1815 with radius 3 and 2048 bits
feat_1816,integer,high,Morgan count fingeprint feature 1816 with radius 3 and 2048 bits
feat_1817,integer,high,Morgan count fingeprint feature 1817 with radius 3 and 2048 bits
feat_1818,integer,high,Morgan count fingeprint feature 1818 with radius 3 and 2048 bits
feat_1819,integer,high,Morgan count fingeprint feature 1819 with radius 3 and 2048 bits
feat_1820,integer,high,Morgan count fingeprint feature 1820 with radius 3 and 2048 bits
feat_1821,integer,high,Morgan count fingeprint feature 1821 with radius 3 and 2048 bits
feat_1822,integer,high,Morgan count fingeprint feature 1822 with radius 3 and 2048 bits
feat_1823,integer,high,Morgan count fingeprint feature 1823 with radius 3 and 2048 bits
feat_1824,integer,high,Morgan count fingeprint feature 1824 with radius 3 and 2048 bits
feat_1825,integer,high,Morgan count fingeprint feature 1825 with radius 3 and 2048 bits
feat_1826,integer,high,Morgan count fingeprint feature 1826 with radius 3 and 2048 bits
feat_1827,integer,high,Morgan count fingeprint feature 1827 with radius 3 and 2048 bits
feat_1828,integer,high,Morgan count fingeprint feature 1828 with radius 3 and 2048 bits
feat_1829,integer,high,Morgan count fingeprint feature 1829 with radius 3 and 2048 bits
feat_1830,integer,high,Morgan count fingeprint feature 1830 with radius 3 and 2048 bits
feat_1831,integer,high,Morgan count fingeprint feature 1831 with radius 3 and 2048 bits
feat_1832,integer,high,Morgan count fingeprint feature 1832 with radius 3 and 2048 bits
feat_1833,integer,high,Morgan count fingeprint feature 1833 with radius 3 and 2048 bits
feat_1834,integer,high,Morgan count fingeprint feature 1834 with radius 3 and 2048 bits
feat_1835,integer,high,Morgan count fingeprint feature 1835 with radius 3 and 2048 bits
feat_1836,integer,high,Morgan count fingeprint feature 1836 with radius 3 and 2048 bits
feat_1837,integer,high,Morgan count fingeprint feature 1837 with radius 3 and 2048 bits
feat_1838,integer,high,Morgan count fingeprint feature 1838 with radius 3 and 2048 bits
feat_1839,integer,high,Morgan count fingeprint feature 1839 with radius 3 and 2048 bits
feat_1840,integer,high,Morgan count fingeprint feature 1840 with radius 3 and 2048 bits
feat_1841,integer,high,Morgan count fingeprint feature 1841 with radius 3 and 2048 bits
feat_1842,integer,high,Morgan count fingeprint feature 1842 with radius 3 and 2048 bits
feat_1843,integer,high,Morgan count fingeprint feature 1843 with radius 3 and 2048 bits
feat_1844,integer,high,Morgan count fingeprint feature 1844 with radius 3 and 2048 bits
feat_1845,integer,high,Morgan count fingeprint feature 1845 with radius 3 and 2048 bits
feat_1846,integer,high,Morgan count fingeprint feature 1846 with radius 3 and 2048 bits
feat_1847,integer,high,Morgan count fingeprint feature 1847 with radius 3 and 2048 bits
feat_1848,integer,high,Morgan count fingeprint feature 1848 with radius 3 and 2048 bits
feat_1849,integer,high,Morgan count fingeprint feature 1849 with radius 3 and 2048 bits
feat_1850,integer,high,Morgan count fingeprint feature 1850 with radius 3 and 2048 bits
feat_1851,integer,high,Morgan count fingeprint feature 1851 with radius 3 and 2048 bits
feat_1852,integer,high,Morgan count fingeprint feature 1852 with radius 3 and 2048 bits
feat_1853,integer,high,Morgan count fingeprint feature 1853 with radius 3 and 2048 bits
feat_1854,integer,high,Morgan count fingeprint feature 1854 with radius 3 and 2048 bits
feat_1855,integer,high,Morgan count fingeprint feature 1855 with radius 3 and 2048 bits
feat_1856,integer,high,Morgan count fingeprint feature 1856 with radius 3 and 2048 bits
feat_1857,integer,high,Morgan count fingeprint feature 1857 with radius 3 and 2048 bits
feat_1858,integer,high,Morgan count fingeprint feature 1858 with radius 3 and 2048 bits
feat_1859,integer,high,Morgan count fingeprint feature 1859 with radius 3 and 2048 bits
feat_1860,integer,high,Morgan count fingeprint feature 1860 with radius 3 and 2048 bits
feat_1861,integer,high,Morgan count fingeprint feature 1861 with radius 3 and 2048 bits
feat_1862,integer,high,Morgan count fingeprint feature 1862 with radius 3 and 2048 bits
feat_1863,integer,high,Morgan count fingeprint feature 1863 with radius 3 and 2048 bits
feat_1864,integer,high,Morgan count fingeprint feature 1864 with radius 3 and 2048 bits
feat_1865,integer,high,Morgan count fingeprint feature 1865 with radius 3 and 2048 bits
feat_1866,integer,high,Morgan count fingeprint feature 1866 with radius 3 and 2048 bits
feat_1867,integer,high,Morgan count fingeprint feature 1867 with radius 3 and 2048 bits
feat_1868,integer,high,Morgan count fingeprint feature 1868 with radius 3 and 2048 bits
feat_1869,integer,high,Morgan count fingeprint feature 1869 with radius 3 and 2048 bits
feat_1870,integer,high,Morgan count fingeprint feature 1870 with radius 3 and 2048 bits
feat_1871,integer,high,Morgan count fingeprint feature 1871 with radius 3 and 2048 bits
feat_1872,integer,high,Morgan count fingeprint feature 1872 with radius 3 and 2048 bits
feat_1873,integer,high,Morgan count fingeprint feature 1873 with radius 3 and 2048 bits
feat_1874,integer,high,Morgan count fingeprint feature 1874 with radius 3 and 2048 bits
feat_1875,integer,high,Morgan count fingeprint feature 1875 with radius 3 and 2048 bits
feat_1876,integer,high,Morgan count fingeprint feature 1876 with radius 3 and 2048 bits
feat_1877,integer,high,Morgan count fingeprint feature 1877 with radius 3 and 2048 bits
feat_1878,integer,high,Morgan count fingeprint feature 1878 with radius 3 and 2048 bits
feat_1879,integer,high,Morgan count fingeprint feature 1879 with radius 3 and 2048 bits
feat_1880,integer,high,Morgan count fingeprint feature 1880 with radius 3 and 2048 bits
feat_1881,integer,high,Morgan count fingeprint feature 1881 with radius 3 and 2048 bits
feat_1882,integer,high,Morgan count fingeprint feature 1882 with radius 3 and 2048 bits
feat_1883,integer,high,Morgan count fingeprint feature 1883 with radius 3 and 2048 bits
feat_1884,integer,high,Morgan count fingeprint feature 1884 with radius 3 and 2048 bits
feat_1885,integer,high,Morgan count fingeprint feature 1885 with radius 3 and 2048 bits
feat_1886,integer,high,Morgan count fingeprint feature 1886 with radius 3 and 2048 bits
feat_1887,integer,high,Morgan count fingeprint feature 1887 with radius 3 and 2048 bits
feat_1888,integer,high,Morgan count fingeprint feature 1888 with radius 3 and 2048 bits
feat_1889,integer,high,Morgan count fingeprint feature 1889 with radius 3 and 2048 bits
feat_1890,integer,high,Morgan count fingeprint feature 1890 with radius 3 and 2048 bits
feat_1891,integer,high,Morgan count fingeprint feature 1891 with radius 3 and 2048 bits
feat_1892,integer,high,Morgan count fingeprint feature 1892 with radius 3 and 2048 bits
feat_1893,integer,high,Morgan count fingeprint feature 1893 with radius 3 and 2048 bits
feat_1894,integer,high,Morgan count fingeprint feature 1894 with radius 3 and 2048 bits
feat_1895,integer,high,Morgan count fingeprint feature 1895 with radius 3 and 2048 bits
feat_1896,integer,high,Morgan count fingeprint feature 1896 with radius 3 and 2048 bits
feat_1897,integer,high,Morgan count fingeprint feature 1897 with radius 3 and 2048 bits
feat_1898,integer,high,Morgan count fingeprint feature 1898 with radius 3 and 2048 bits
feat_1899,integer,high,Morgan count fingeprint feature 1899 with radius 3 and 2048 bits
feat_1900,integer,high,Morgan count fingeprint feature 1900 with radius 3 and 2048 bits
feat_1901,integer,high,Morgan count fingeprint feature 1901 with radius 3 and 2048 bits
feat_1902,integer,high,Morgan count fingeprint feature 1902 with radius 3 and 2048 bits
feat_1903,integer,high,Morgan count fingeprint feature 1903 with radius 3 and 2048 bits
feat_1904,integer,high,Morgan count fingeprint feature 1904 with radius 3 and 2048 bits
feat_1905,integer,high,Morgan count fingeprint feature 1905 with radius 3 and 2048 bits
feat_1906,integer,high,Morgan count fingeprint feature 1906 with radius 3 and 2048 bits
feat_1907,integer,high,Morgan count fingeprint feature 1907 with radius 3 and 2048 bits
feat_1908,integer,high,Morgan count fingeprint feature 1908 with radius 3 and 2048 bits
feat_1909,integer,high,Morgan count fingeprint feature 1909 with radius 3 and 2048 bits
feat_1910,integer,high,Morgan count fingeprint feature 1910 with radius 3 and 2048 bits
feat_1911,integer,high,Morgan count fingeprint feature 1911 with radius 3 and 2048 bits
feat_1912,integer,high,Morgan count fingeprint feature 1912 with radius 3 and 2048 bits
feat_1913,integer,high,Morgan count fingeprint feature 1913 with radius 3 and 2048 bits
feat_1914,integer,high,Morgan count fingeprint feature 1914 with radius 3 and 2048 bits
feat_1915,integer,high,Morgan count fingeprint feature 1915 with radius 3 and 2048 bits
feat_1916,integer,high,Morgan count fingeprint feature 1916 with radius 3 and 2048 bits
feat_1917,integer,high,Morgan count fingeprint feature 1917 with radius 3 and 2048 bits
feat_1918,integer,high,Morgan count fingeprint feature 1918 with radius 3 and 2048 bits
feat_1919,integer,high,Morgan count fingeprint feature 1919 with radius 3 and 2048 bits
feat_1920,integer,high,Morgan count fingeprint feature 1920 with radius 3 and 2048 bits
feat_1921,integer,high,Morgan count fingeprint feature 1921 with radius 3 and 2048 bits
feat_1922,integer,high,Morgan count fingeprint feature 1922 with radius 3 and 2048 bits
feat_1923,integer,high,Morgan count fingeprint feature 1923 with radius 3 and 2048 bits
feat_1924,integer,high,Morgan count fingeprint feature 1924 with radius 3 and 2048 bits
feat_1925,integer,high,Morgan count fingeprint feature 1925 with radius 3 and 2048 bits
feat_1926,integer,high,Morgan count fingeprint feature 1926 with radius 3 and 2048 bits
feat_1927,integer,high,Morgan count fingeprint feature 1927 with radius 3 and 2048 bits
feat_1928,integer,high,Morgan count fingeprint feature 1928 with radius 3 and 2048 bits
feat_1929,integer,high,Morgan count fingeprint feature 1929 with radius 3 and 2048 bits
feat_1930,integer,high,Morgan count fingeprint feature 1930 with radius 3 and 2048 bits
feat_1931,integer,high,Morgan count fingeprint feature 1931 with radius 3 and 2048 bits
feat_1932,integer,high,Morgan count fingeprint feature 1932 with radius 3 and 2048 bits
feat_1933,integer,high,Morgan count fingeprint feature 1933 with radius 3 and 2048 bits
feat_1934,integer,high,Morgan count fingeprint feature 1934 with radius 3 and 2048 bits
feat_1935,integer,high,Morgan count fingeprint feature 1935 with radius 3 and 2048 bits
feat_1936,integer,high,Morgan count fingeprint feature 1936 with radius 3 and 2048 bits
feat_1937,integer,high,Morgan count fingeprint feature 1937 with radius 3 and 2048 bits
feat_1938,integer,high,Morgan count fingeprint feature 1938 with radius 3 and 2048 bits
feat_1939,integer,high,Morgan count fingeprint feature 1939 with radius 3 and 2048 bits
feat_1940,integer,high,Morgan count fingeprint feature 1940 with radius 3 and 2048 bits
feat_1941,integer,high,Morgan count fingeprint feature 1941 with radius 3 and 2048 bits
feat_1942,integer,high,Morgan count fingeprint feature 1942 with radius 3 and 2048 bits
feat_1943,integer,high,Morgan count fingeprint feature 1943 with radius 3 and 2048 bits
feat_1944,integer,high,Morgan count fingeprint feature 1944 with radius 3 and 2048 bits
feat_1945,integer,high,Morgan count fingeprint feature 1945 with radius 3 and 2048 bits
feat_1946,integer,high,Morgan count fingeprint feature 1946 with radius 3 and 2048 bits
feat_1947,integer,high,Morgan count fingeprint feature 1947 with radius 3 and 2048 bits
feat_1948,integer,high,Morgan count fingeprint feature 1948 with radius 3 and 2048 bits
feat_1949,integer,high,Morgan count fingeprint feature 1949 with radius 3 and 2048 bits
feat_1950,integer,high,Morgan count fingeprint feature 1950 with radius 3 and 2048 bits
feat_1951,integer,high,Morgan count fingeprint feature 1951 with radius 3 and 2048 bits
feat_1952,integer,high,Morgan count fingeprint feature 1952 with radius 3 and 2048 bits
feat_1953,integer,high,Morgan count fingeprint feature 1953 with radius 3 and 2048 bits
feat_1954,integer,high,Morgan count fingeprint feature 1954 with radius 3 and 2048 bits
feat_1955,integer,high,Morgan count fingeprint feature 1955 with radius 3 and 2048 bits
feat_1956,integer,high,Morgan count fingeprint feature 1956 with radius 3 and 2048 bits
feat_1957,integer,high,Morgan count fingeprint feature 1957 with radius 3 and 2048 bits
feat_1958,integer,high,Morgan count fingeprint feature 1958 with radius 3 and 2048 bits
feat_1959,integer,high,Morgan count fingeprint feature 1959 with radius 3 and 2048 bits
feat_1960,integer,high,Morgan count fingeprint feature 1960 with radius 3 and 2048 bits
feat_1961,integer,high,Morgan count fingeprint feature 1961 with radius 3 and 2048 bits
feat_1962,integer,high,Morgan count fingeprint feature 1962 with radius 3 and 2048 bits
feat_1963,integer,high,Morgan count fingeprint feature 1963 with radius 3 and 2048 bits
feat_1964,integer,high,Morgan count fingeprint feature 1964 with radius 3 and 2048 bits
feat_1965,integer,high,Morgan count fingeprint feature 1965 with radius 3 and 2048 bits
feat_1966,integer,high,Morgan count fingeprint feature 1966 with radius 3 and 2048 bits
feat_1967,integer,high,Morgan count fingeprint feature 1967 with radius 3 and 2048 bits
feat_1968,integer,high,Morgan count fingeprint feature 1968 with radius 3 and 2048 bits
feat_1969,integer,high,Morgan count fingeprint feature 1969 with radius 3 and 2048 bits
feat_1970,integer,high,Morgan count fingeprint feature 1970 with radius 3 and 2048 bits
feat_1971,integer,high,Morgan count fingeprint feature 1971 with radius 3 and 2048 bits
feat_1972,integer,high,Morgan count fingeprint feature 1972 with radius 3 and 2048 bits
feat_1973,integer,high,Morgan count fingeprint feature 1973 with radius 3 and 2048 bits
feat_1974,integer,high,Morgan count fingeprint feature 1974 with radius 3 and 2048 bits
feat_1975,integer,high,Morgan count fingeprint feature 1975 with radius 3 and 2048 bits
feat_1976,integer,high,Morgan count fingeprint feature 1976 with radius 3 and 2048 bits
feat_1977,integer,high,Morgan count fingeprint feature 1977 with radius 3 and 2048 bits
feat_1978,integer,high,Morgan count fingeprint feature 1978 with radius 3 and 2048 bits
feat_1979,integer,high,Morgan count fingeprint feature 1979 with radius 3 and 2048 bits
feat_1980,integer,high,Morgan count fingeprint feature 1980 with radius 3 and 2048 bits
feat_1981,integer,high,Morgan count fingeprint feature 1981 with radius 3 and 2048 bits
feat_1982,integer,high,Morgan count fingeprint feature 1982 with radius 3 and 2048 bits
feat_1983,integer,high,Morgan count fingeprint feature 1983 with radius 3 and 2048 bits
feat_1984,integer,high,Morgan count fingeprint feature 1984 with radius 3 and 2048 bits
feat_1985,integer,high,Morgan count fingeprint feature 1985 with radius 3 and 2048 bits
feat_1986,integer,high,Morgan count fingeprint feature 1986 with radius 3 and 2048 bits
feat_1987,integer,high,Morgan count fingeprint feature 1987 with radius 3 and 2048 bits
feat_1988,integer,high,Morgan count fingeprint feature 1988 with radius 3 and 2048 bits
feat_1989,integer,high,Morgan count fingeprint feature 1989 with radius 3 and 2048 bits
feat_1990,integer,high,Morgan count fingeprint feature 1990 with radius 3 and 2048 bits
feat_1991,integer,high,Morgan count fingeprint feature 1991 with radius 3 and 2048 bits
feat_1992,integer,high,Morgan count fingeprint feature 1992 with radius 3 and 2048 bits
feat_1993,integer,high,Morgan count fingeprint feature 1993 with radius 3 and 2048 bits
feat_1994,integer,high,Morgan count fingeprint feature 1994 with radius 3 and 2048 bits
feat_1995,integer,high,Morgan count fingeprint feature 1995 with radius 3 and 2048 bits
feat_1996,integer,high,Morgan count fingeprint feature 1996 with radius 3 and 2048 bits
feat_1997,integer,high,Morgan count fingeprint feature 1997 with radius 3 and 2048 bits
feat_1998,integer,high,Morgan count fingeprint feature 1998 with radius 3 and 2048 bits
feat_1999,integer,high,Morgan count fingeprint feature 1999 with radius 3 and 2048 bits
feat_2000,integer,high,Morgan count fingeprint feature 2000 with radius 3 and 2048 bits
feat_2001,integer,high,Morgan count fingeprint feature 2001 with radius 3 and 2048 bits
feat_2002,integer,high,Morgan count fingeprint feature 2002 with radius 3 and 2048 bits
feat_2003,integer,high,Morgan count fingeprint feature 2003 with radius 3 and 2048 bits
feat_2004,integer,high,Morgan count fingeprint feature 2004 with radius 3 and 2048 bits
feat_2005,integer,high,Morgan count fingeprint feature 2005 with radius 3 and 2048 bits
feat_2006,integer,high,Morgan count fingeprint feature 2006 with radius 3 and 2048 bits
feat_2007,integer,high,Morgan count fingeprint feature 2007 with radius 3 and 2048 bits
feat_2008,integer,high,Morgan count fingeprint feature 2008 with radius 3 and 2048 bits
feat_2009,integer,high,Morgan count fingeprint feature 2009 with radius 3 and 2048 bits
feat_2010,integer,high,Morgan count fingeprint feature 2010 with radius 3 and 2048 bits
feat_2011,integer,high,Morgan count fingeprint feature 2011 with radius 3 and 2048 bits
feat_2012,integer,high,Morgan count fingeprint feature 2012 with radius 3 and 2048 bits
feat_2013,integer,high,Morgan count fingeprint feature 2013 with radius 3 and 2048 bits
feat_2014,integer,high,Morgan count fingeprint feature 2014 with radius 3 and 2048 bits
feat_2015,integer,high,Morgan count fingeprint feature 2015 with radius 3 and 2048 bits
feat_2016,integer,high,Morgan count fingeprint feature 2016 with radius 3 and 2048 bits
feat_2017,integer,high,Morgan count fingeprint feature 2017 with radius 3 and 2048 bits
feat_2018,integer,high,Morgan count fingeprint feature 2018 with radius 3 and 2048 bits
feat_2019,integer,high,Morgan count fingeprint feature 2019 with radius 3 and 2048 bits
feat_2020,integer,high,Morgan count fingeprint feature 2020 with radius 3 and 2048 bits
feat_2021,integer,high,Morgan count fingeprint feature 2021 with radius 3 and 2048 bits
feat_2022,integer,high,Morgan count fingeprint feature 2022 with radius 3 and 2048 bits
feat_2023,integer,high,Morgan count fingeprint feature 2023 with radius 3 and 2048 bits
feat_2024,integer,high,Morgan count fingeprint feature 2024 with radius 3 and 2048 bits
feat_2025,integer,high,Morgan count fingeprint feature 2025 with radius 3 and 2048 bits
feat_2026,integer,high,Morgan count fingeprint feature 2026 with radius 3 and 2048 bits
feat_2027,integer,high,Morgan count fingeprint feature 2027 with radius 3 and 2048 bits
feat_2028,integer,high,Morgan count fingeprint feature 2028 with radius 3 and 2048 bits
feat_2029,integer,high,Morgan count fingeprint feature 2029 with radius 3 and 2048 bits
feat_2030,integer,high,Morgan count fingeprint feature 2030 with radius 3 and 2048 bits
feat_2031,integer,high,Morgan count fingeprint feature 2031 with radius 3 and 2048 bits
feat_2032,integer,high,Morgan count fingeprint feature 2032 with radius 3 and 2048 bits
feat_2033,integer,high,Morgan count fingeprint feature 2033 with radius 3 and 2048 bits
feat_2034,integer,high,Morgan count fingeprint feature 2034 with radius 3 and 2048 bits
feat_2035,integer,high,Morgan count fingeprint feature 2035 with radius 3 and 2048 bits
feat_2036,integer,high,Morgan count fingeprint feature 2036 with radius 3 and 2048 bits
feat_2037,integer,high,Morgan count fingeprint feature 2037 with radius 3 and 2048 bits
feat_2038,integer,high,Morgan count fingeprint feature 2038 with radius 3 and 2048 bits
feat_2039,integer,high,Morgan count fingeprint feature 2039 with radius 3 and 2048 bits
feat_2040,integer,high,Morgan count fingeprint feature 2040 with radius 3 and 2048 bits
feat_2041,integer,high,Morgan count fingeprint feature 2041 with radius 3 and 2048 bits
feat_2042,integer,high,Morgan count fingeprint feature 2042 with radius 3 and 2048 bits
feat_2043,integer,high,Morgan count fingeprint feature 2043 with radius 3 and 2048 bits
feat_2044,integer,high,Morgan count fingeprint feature 2044 with radius 3 and 2048 bits
feat_2045,integer,high,Morgan count fingeprint feature 2045 with radius 3 and 2048 bits
feat_2046,integer,high,Morgan count fingeprint feature 2046 with radius 3 and 2048 bits
feat_2047,integer,high,Morgan count fingeprint feature 2047 with radius 3 and 2048 bits
